frame,timestamp_ms,busy_cycles,idle_cycles,cpu_pct,mem_writes,unique_pcs
# session start: tetris.gb
0,557,688,130640,0.52,10,19
1,574,648,139800,0.46,6,17
2,591,1368,139080,0.97,11,36
3,608,624,139824,0.44,6,17
4,624,1792,138656,1.28,14,38
5,641,648,139800,0.46,6,17
6,658,2232,138216,1.59,17,38
7,675,624,139824,0.44,6,17
8,691,2656,137792,1.89,20,38
9,708,648,139800,0.46,6,17
10,725,3096,137352,2.20,23,38
11,742,624,139824,0.44,6,17
12,758,3520,136928,2.51,26,38
13,775,648,139800,0.46,6,17
14,792,3960,136488,2.82,29,38
15,809,624,139824,0.44,6,17
16,825,4384,136064,3.12,32,38
17,842,648,139800,0.46,6,17
18,859,1368,139080,0.97,11,36
19,876,624,139824,0.44,6,17
20,893,4816,135632,3.43,35,38
21,909,648,139800,0.46,6,17
22,926,1800,138648,1.28,14,38
23,942,624,139824,0.44,6,17
24,959,5104,135344,3.63,35,38
25,975,648,139800,0.46,6,17
26,992,5184,135264,3.69,35,38
27,1009,624,139824,0.44,6,17
28,1026,5176,135272,3.69,35,38
29,1043,648,139800,0.46,6,17
30,1059,5184,135264,3.69,35,38
31,1076,624,139824,0.44,6,17
32,1093,4896,135552,3.49,32,38
33,1110,648,139800,0.46,6,17
34,1127,4896,135552,3.49,32,38
35,1144,624,139824,0.44,6,17
36,1160,4104,136344,2.92,29,38
37,1177,648,139800,0.46,6,17
38,1194,4104,136344,2.92,29,38
39,1211,624,139824,0.44,6,17
40,1227,4104,136344,2.92,29,38
41,1244,648,139800,0.46,6,17
42,1261,4104,136344,2.92,29,38
43,1278,624,139824,0.44,6,17
44,1295,4104,136344,2.92,29,38
45,1311,648,139800,0.46,6,17
46,1328,4104,136344,2.92,29,38
47,1345,624,139824,0.44,6,17
48,1362,4104,136344,2.92,29,38
49,1378,648,139800,0.46,6,17
50,1395,4104,136344,2.92,29,38
51,1412,624,139824,0.44,6,17
52,1429,4168,136280,2.97,30,41
53,1445,664,139784,0.47,6,17
54,1462,624,139824,0.44,6,17
55,1479,632,139816,0.45,6,17
56,1496,888,139560,0.63,10,26
57,1512,656,139792,0.47,6,17
58,1529,664,139784,0.47,6,17
59,1546,624,139824,0.44,6,17
60,1563,632,139816,0.45,6,17
61,1579,824,139624,0.59,8,24
62,1594,680,139768,0.48,7,18
63,1612,680,139768,0.48,7,18
64,1630,680,139768,0.48,7,18
65,1647,680,139768,0.48,7,18
66,1663,680,139768,0.48,7,18
67,1679,680,139768,0.48,7,18
68,1695,680,139768,0.48,7,18
69,1714,680,139768,0.48,7,18
70,1731,680,139768,0.48,7,18
71,1747,680,139768,0.48,7,18
72,1764,680,139768,0.48,7,18
73,1781,680,139768,0.48,7,18
74,1797,680,139768,0.48,7,18
75,1814,680,139768,0.48,7,18
76,1831,680,139768,0.48,7,18
77,1848,680,139768,0.48,7,18
78,1864,680,139768,0.48,7,18
79,1881,680,139768,0.48,7,18
80,1898,680,139768,0.48,7,18
81,1915,680,139768,0.48,7,18
82,1931,680,139768,0.48,7,18
83,1948,680,139768,0.48,7,18
84,1965,680,139768,0.48,7,18
85,1982,680,139768,0.48,7,18
86,1998,680,139768,0.48,7,18
87,2015,680,139768,0.48,7,18
88,2032,680,139768,0.48,7,18
89,2049,680,139768,0.48,7,18
90,2065,680,139768,0.48,7,18
91,2082,680,139768,0.48,7,18
92,2099,680,139768,0.48,7,18
93,2116,680,139768,0.48,7,18
94,2132,680,139768,0.48,7,18
95,2149,680,139768,0.48,7,18
96,2166,680,139768,0.48,7,18
97,2183,680,139768,0.48,7,18
98,2199,680,139768,0.48,7,18
99,2216,680,139768,0.48,7,18
100,2233,680,139768,0.48,7,18
101,2249,680,139768,0.48,7,18
102,2266,680,139768,0.48,7,18
103,2283,680,139768,0.48,7,18
104,2299,680,139768,0.48,7,18
105,2317,680,139768,0.48,7,18
106,2333,680,139768,0.48,7,18
107,2350,680,139768,0.48,7,18
108,2367,680,139768,0.48,7,18
109,2383,12880,127568,9.17,135,48
110,2400,696,139752,0.50,6,22
111,2417,12784,127664,9.10,132,45
112,2434,728,139720,0.52,6,22
113,2450,12768,127680,9.09,132,45
114,2467,696,139752,0.50,6,22
115,2484,12784,127664,9.10,132,45
116,2501,688,139760,0.49,6,22
117,2517,12776,127672,9.10,132,45
118,2534,696,139752,0.50,6,22
119,2551,12784,127664,9.10,132,45
120,2568,720,139728,0.51,6,22
121,2584,12808,127640,9.12,132,45
122,2601,704,139744,0.50,6,22
123,2617,12792,127656,9.11,132,45
124,2634,720,139728,0.51,6,22
125,2651,12808,127640,9.12,132,45
126,2668,696,139752,0.50,6,22
127,2684,12784,127664,9.10,132,45
128,2701,688,139760,0.49,6,22
129,2718,12776,127672,9.10,132,45
130,2735,704,139744,0.50,6,22
131,2751,12792,127656,9.11,132,45
132,2768,720,139728,0.51,6,22
133,2785,12808,127640,9.12,132,45
134,2802,696,139752,0.50,6,22
135,2819,12784,127664,9.10,132,45
136,2835,712,139736,0.51,6,22
137,2852,12800,127648,9.11,132,45
138,2869,688,139760,0.49,6,22
139,2886,12776,127672,9.10,132,45
140,2902,720,139728,0.51,6,22
141,2919,12808,127640,9.12,132,45
142,2936,720,139728,0.51,6,22
143,2953,12808,127640,9.12,132,45
144,2969,720,139728,0.51,6,22
145,2986,12808,127640,9.12,132,45
146,3003,720,139728,0.51,6,22
147,3020,12808,127640,9.12,132,45
148,3035,720,139728,0.51,6,22
149,3054,12808,127640,9.12,132,45
150,3070,688,139760,0.49,6,22
151,3086,12776,127672,9.10,132,45
152,3103,704,139744,0.50,6,22
153,3120,12792,127656,9.11,132,45
154,3136,696,139752,0.50,6,22
155,3153,12784,127664,9.10,132,45
156,3170,688,139760,0.49,6,22
157,3187,12776,127672,9.10,132,45
158,3204,704,139744,0.50,6,22
159,3221,12792,127656,9.11,132,45
160,3237,720,139728,0.51,6,22
161,3254,12808,127640,9.12,132,45
162,3271,688,139760,0.49,6,22
163,3288,12776,127672,9.10,132,45
164,3305,704,139744,0.50,6,22
165,3321,12792,127656,9.11,132,45
166,3338,720,139728,0.51,6,22
167,3354,12808,127640,9.12,132,45
168,3372,688,139760,0.49,6,22
169,3388,12776,127672,9.10,132,45
170,3405,704,139744,0.50,6,22
171,3422,12792,127656,9.11,132,45
172,3438,704,139744,0.50,6,22
173,3454,140448,0,100.00,2193,14
174,3471,122400,18048,87.15,1911,15
175,3489,608,139840,0.43,6,17
176,3505,656,139792,0.47,6,19
177,3522,1424,139024,1.01,10,73
178,3538,138440,2008,98.57,2867,69
179,3555,60096,80352,42.79,1242,21
180,3659,4712,126616,3.59,70,178
181,3726,5632,125696,4.29,73,160
182,3744,6792,133656,4.84,97,269
183,3761,6776,133672,4.82,97,269
184,3778,6816,133632,4.85,97,269
185,3794,6800,133648,4.84,97,269
186,3811,6784,133664,4.83,97,269
187,3827,6824,133624,4.86,97,269
188,3845,6808,133640,4.85,97,269
189,3861,6792,133656,4.84,97,269
190,3878,6776,133672,4.82,97,269
191,3895,6816,133632,4.85,97,269
192,3911,6800,133648,4.84,97,269
193,3928,6784,133664,4.83,97,269
194,3945,6824,133624,4.86,97,269
195,3962,6808,133640,4.85,97,269
196,3979,6792,133656,4.84,97,269
197,3996,6776,133672,4.82,97,269
198,4011,6816,133632,4.85,97,269
199,4029,6800,133648,4.84,97,269
200,4045,6784,133664,4.83,97,269
201,4061,6824,133624,4.86,97,269
202,4080,6808,133640,4.85,97,269
203,4096,6792,133656,4.84,97,269
204,4113,6776,133672,4.82,97,269
205,4130,6816,133632,4.85,97,269
206,4146,6800,133648,4.84,97,269
207,4162,6784,133664,4.83,97,269
208,4180,6824,133624,4.86,97,269
209,4196,6808,133640,4.85,97,269
210,4211,6792,133656,4.84,97,269
211,4231,6776,133672,4.82,97,269
212,4246,6816,133632,4.85,97,269
213,4264,6800,133648,4.84,97,269
214,4280,6784,133664,4.83,97,269
215,4297,6824,133624,4.86,97,269
216,4314,6808,133640,4.85,97,269
217,4330,6792,133656,4.84,97,269
218,4347,6776,133672,4.82,97,269
219,4364,6816,133632,4.85,97,269
220,4381,6800,133648,4.84,97,269
221,4398,6784,133664,4.83,97,269
222,4413,6824,133624,4.86,97,269
223,4430,6808,133640,4.85,97,269
224,4448,6792,133656,4.84,97,269
225,4465,6776,133672,4.82,97,269
226,4481,6816,133632,4.85,97,269
227,4498,6800,133648,4.84,97,269
228,4515,6784,133664,4.83,97,269
229,4532,6824,133624,4.86,97,269
230,4548,6808,133640,4.85,97,269
231,4563,6792,133656,4.84,97,269
232,4582,6776,133672,4.82,97,269
233,4598,6816,133632,4.85,97,269
234,4615,6800,133648,4.84,97,269
235,4632,6784,133664,4.83,97,269
236,4648,6824,133624,4.86,97,269
237,4666,6808,133640,4.85,97,269
238,4682,6792,133656,4.84,97,269
239,4699,6776,133672,4.82,97,269
240,4715,6816,133632,4.85,97,269
241,4729,6800,133648,4.84,97,269
242,4749,6784,133664,4.83,97,269
243,4766,6824,133624,4.86,97,269
244,4782,6808,133640,4.85,97,269
245,4799,6792,133656,4.84,97,269
246,4816,6776,133672,4.82,97,269
247,4833,6816,133632,4.85,97,269
248,4849,6800,133648,4.84,97,269
249,4866,6784,133664,4.83,97,269
250,4883,6824,133624,4.86,97,269
251,4899,6808,133640,4.85,97,269
252,4916,6792,133656,4.84,97,269
253,4933,6776,133672,4.82,97,269
254,4950,6816,133632,4.85,97,269
255,4966,6800,133648,4.84,97,269
256,4983,6784,133664,4.83,97,269
257,5000,6824,133624,4.86,97,269
258,5017,6808,133640,4.85,97,269
259,5033,6792,133656,4.84,97,269
260,5049,6776,133672,4.82,97,269
261,5067,6816,133632,4.85,97,269
262,5084,6800,133648,4.84,97,269
263,5101,6784,133664,4.83,97,269
264,5117,6824,133624,4.86,97,269
265,5134,6808,133640,4.85,97,269
266,5151,6792,133656,4.84,97,269
267,5167,6776,133672,4.82,97,269
268,5184,6816,133632,4.85,97,269
269,5201,6800,133648,4.84,97,269
270,5218,6784,133664,4.83,97,269
271,5235,6824,133624,4.86,97,269
272,5251,6808,133640,4.85,97,269
273,5268,6792,133656,4.84,97,269
274,5285,6776,133672,4.82,97,269
275,5302,6816,133632,4.85,97,269
276,5318,6800,133648,4.84,97,269
277,5335,6784,133664,4.83,97,269
278,5352,6824,133624,4.86,97,269
279,5369,6808,133640,4.85,97,269
280,5385,6792,133656,4.84,97,269
281,5402,6776,133672,4.82,97,269
282,5418,6816,133632,4.85,97,269
283,5435,6800,133648,4.84,97,269
284,5452,6784,133664,4.83,97,269
285,5468,6824,133624,4.86,97,269
286,5485,6808,133640,4.85,97,269
287,5502,6792,133656,4.84,97,269
288,5519,6776,133672,4.82,97,269
289,5536,6816,133632,4.85,97,269
290,5552,6800,133648,4.84,97,269
291,5570,6784,133664,4.83,97,269
292,5586,6824,133624,4.86,97,269
293,5603,6808,133640,4.85,97,269
294,5620,6792,133656,4.84,97,269
295,5636,6776,133672,4.82,97,269
296,5653,6816,133632,4.85,97,269
297,5670,6800,133648,4.84,97,269
298,5687,6784,133664,4.83,97,269
299,5704,6824,133624,4.86,97,269
300,5720,6808,133640,4.85,97,269
301,5736,6792,133656,4.84,97,269
302,5754,6776,133672,4.82,97,269
303,5770,6816,133632,4.85,97,269
304,5787,6800,133648,4.84,97,269
305,5804,6784,133664,4.83,97,269
306,5821,6824,133624,4.86,97,269
307,5838,6808,133640,4.85,97,269
308,5854,6792,133656,4.84,97,269
309,5870,6776,133672,4.82,97,269
310,5886,6816,133632,4.85,97,269
311,5905,6800,133648,4.84,97,269
312,5920,6784,133664,4.83,97,269
313,5938,6824,133624,4.86,97,269
314,5954,6808,133640,4.85,97,269
315,5971,6792,133656,4.84,97,269
316,5988,6776,133672,4.82,97,269
317,6002,6816,133632,4.85,97,269
318,6021,6800,133648,4.84,97,269
319,6038,6784,133664,4.83,97,269
320,6055,6824,133624,4.86,97,269
321,6072,6808,133640,4.85,97,269
322,6088,6792,133656,4.84,97,269
323,6105,6776,133672,4.82,97,269
324,6122,6816,133632,4.85,97,269
325,6139,6800,133648,4.84,97,269
326,6155,6784,133664,4.83,97,269
327,6172,6824,133624,4.86,97,269
328,6189,6808,133640,4.85,97,269
329,6206,6792,133656,4.84,97,269
330,6222,6776,133672,4.82,97,269
331,6239,6816,133632,4.85,97,269
332,6256,6800,133648,4.84,97,269
333,6273,6784,133664,4.83,97,269
334,6289,6824,133624,4.86,97,269
335,6306,6808,133640,4.85,97,269
336,6323,6792,133656,4.84,97,269
337,6340,6776,133672,4.82,97,269
338,6356,6816,133632,4.85,97,269
339,6373,6800,133648,4.84,97,269
340,6390,6784,133664,4.83,97,269
341,6407,6824,133624,4.86,97,269
342,6423,6808,133640,4.85,97,269
343,6440,6792,133656,4.84,97,269
344,6457,6776,133672,4.82,97,269
345,6473,6816,133632,4.85,97,269
346,6490,6800,133648,4.84,97,269
347,6507,6784,133664,4.83,97,269
348,6524,6824,133624,4.86,97,269
349,6540,6808,133640,4.85,97,269
350,6557,6792,133656,4.84,97,269
351,6574,6776,133672,4.82,97,269
352,6591,6816,133632,4.85,97,269
353,6607,6800,133648,4.84,97,269
354,6625,6784,133664,4.83,97,269
355,6641,6824,133624,4.86,97,269
356,6658,6808,133640,4.85,97,269
357,6674,6792,133656,4.84,97,269
358,6691,6776,133672,4.82,97,269
359,6708,6816,133632,4.85,97,269
360,6725,6800,133648,4.84,97,269
361,6741,6784,133664,4.83,97,269
362,6758,6824,133624,4.86,97,269
363,6775,6808,133640,4.85,97,269
364,6790,6792,133656,4.84,97,269
365,6809,6776,133672,4.82,97,269
366,6825,6816,133632,4.85,97,269
367,6842,6800,133648,4.84,97,269
368,6855,6784,133664,4.83,97,269
369,6876,6824,133624,4.86,97,269
370,6892,6808,133640,4.85,97,269
371,6909,6792,133656,4.84,97,269
372,6925,6776,133672,4.82,97,269
373,6942,6816,133632,4.85,97,269
374,6959,6800,133648,4.84,97,269
375,6976,6784,133664,4.83,97,269
376,6992,6824,133624,4.86,97,269
377,7009,6808,133640,4.85,97,269
378,7026,6792,133656,4.84,97,269
379,7043,6776,133672,4.82,97,269
380,7059,6816,133632,4.85,97,269
381,7076,6800,133648,4.84,97,269
382,7093,6784,133664,4.83,97,269
383,7110,6824,133624,4.86,97,269
384,7126,6808,133640,4.85,97,269
385,7143,6792,133656,4.84,97,269
386,7160,6776,133672,4.82,97,269
387,7177,6816,133632,4.85,97,269
388,7193,6800,133648,4.84,97,269
389,7210,6784,133664,4.83,97,269
390,7227,6824,133624,4.86,97,269
391,7244,6808,133640,4.85,97,269
392,7260,6792,133656,4.84,97,269
393,7277,6776,133672,4.82,97,269
394,7294,6816,133632,4.85,97,269
395,7311,6800,133648,4.84,97,269
396,7327,6784,133664,4.83,97,269
397,7344,6824,133624,4.86,97,269
398,7361,6808,133640,4.85,97,269
399,7378,6792,133656,4.84,97,269
400,7395,6776,133672,4.82,97,269
401,7411,6816,133632,4.85,97,269
402,7428,6800,133648,4.84,97,269
403,7444,6784,133664,4.83,97,269
404,7461,6824,133624,4.86,97,269
405,7478,6808,133640,4.85,97,269
406,7495,6792,133656,4.84,97,269
407,7511,6776,133672,4.82,97,269
408,7526,6816,133632,4.85,97,269
409,7545,6800,133648,4.84,97,269
410,7561,6784,133664,4.83,97,269
411,7578,6824,133624,4.86,97,269
412,7595,6808,133640,4.85,97,269
413,7612,6792,133656,4.84,97,269
414,7629,6776,133672,4.82,97,269
415,7645,6816,133632,4.85,97,269
416,7661,6800,133648,4.84,97,269
417,7679,6784,133664,4.83,97,269
418,7696,6824,133624,4.86,97,269
419,7713,6808,133640,4.85,97,269
420,7728,6792,133656,4.84,97,269
421,7746,6776,133672,4.82,97,269
422,7763,6816,133632,4.85,97,269
423,7779,6800,133648,4.84,97,269
424,7796,6784,133664,4.83,97,269
425,7813,6824,133624,4.86,97,269
426,7830,6808,133640,4.85,97,269
427,7846,6792,133656,4.84,97,269
428,7863,6776,133672,4.82,97,269
429,7880,6816,133632,4.85,97,269
430,7897,6888,133560,4.90,99,274
431,7911,6864,133584,4.89,97,272
432,7931,6840,133608,4.87,97,272
433,7947,6872,133576,4.89,97,272
434,7964,6848,133600,4.88,97,272
435,7980,6824,133624,4.86,97,272
436,7997,6856,133592,4.88,97,272
437,8014,6832,133616,4.86,97,272
438,8031,6864,133584,4.89,97,272
439,8047,6840,133608,4.87,97,272
440,8064,6872,133576,4.89,97,272
441,8081,6848,133600,4.88,97,272
442,8098,6824,133624,4.86,97,272
443,8114,6856,133592,4.88,97,272
444,8130,6832,133616,4.86,97,272
445,8148,6864,133584,4.89,97,272
446,8164,6840,133608,4.87,97,272
447,8180,6872,133576,4.89,97,272
448,8198,6856,133592,4.88,98,272
449,8216,4712,135736,3.35,70,178
450,8296,30296,101032,23.07,427,588
451,8312,10544,129904,7.51,136,364
452,8329,10520,129928,7.49,136,364
453,8345,10496,129952,7.47,136,364
454,8362,10528,129920,7.50,136,364
455,8379,10504,129944,7.48,136,364
456,8396,10536,129912,7.50,136,364
457,8412,10512,129936,7.48,136,364
458,8429,10544,129904,7.51,136,364
459,8446,10520,129928,7.49,136,364
460,8463,10496,129952,7.47,136,364
461,8479,13912,126536,9.91,178,492
462,8496,10536,129912,7.50,136,364
463,8513,10512,129936,7.48,136,364
464,8530,10544,129904,7.51,136,364
465,8546,10520,129928,7.49,136,364
466,8563,10496,129952,7.47,136,364
467,8580,10528,129920,7.50,136,364
468,8597,10504,129944,7.48,136,364
469,8613,10536,129912,7.50,136,364
470,8630,10512,129936,7.48,136,364
471,8647,10544,129904,7.51,136,364
472,8664,10520,129928,7.49,136,364
473,8680,13880,126568,9.88,178,492
474,8697,10504,129944,7.48,136,364
475,8714,10536,129912,7.50,136,364
476,8730,10512,129936,7.48,136,364
477,8747,10544,129904,7.51,136,364
478,8764,10520,129928,7.49,136,364
479,8781,10496,129952,7.47,136,364
480,8797,10528,129920,7.50,136,364
481,8814,10504,129944,7.48,136,364
482,8830,10536,129912,7.50,136,364
483,8848,10512,129936,7.48,136,364
484,8864,10544,129904,7.51,136,364
485,8881,13904,126544,9.90,178,492
486,8898,10528,129920,7.50,136,364
487,8912,10504,129944,7.48,136,364
488,8931,10536,129912,7.50,136,364
489,8947,10512,129936,7.48,136,364
490,8963,10544,129904,7.51,136,364
491,8980,10520,129928,7.49,136,364
492,8998,10496,129952,7.47,136,364
493,9015,10528,129920,7.50,136,364
494,9032,10504,129944,7.48,136,364
495,9046,10536,129912,7.50,136,364
496,9066,10512,129936,7.48,136,364
497,9082,13928,126520,9.92,178,492
498,9099,10496,129952,7.47,136,364
499,9116,10528,129920,7.50,136,364
500,9132,10504,129944,7.48,136,364
501,9149,10536,129912,7.50,136,364
502,9166,10512,129936,7.48,136,364
503,9181,10544,129904,7.51,136,364
504,9200,10520,129928,7.49,136,364
505,9216,10496,129952,7.47,136,364
506,9233,10528,129920,7.50,136,364
507,9249,10504,129944,7.48,136,364
508,9267,10536,129912,7.50,136,364
509,9283,13896,126552,9.89,178,492
510,9300,10520,129928,7.49,136,364
511,9316,10496,129952,7.47,136,364
512,9334,10528,129920,7.50,136,364
513,9350,10504,129944,7.48,136,364
514,9367,10536,129912,7.50,136,364
515,9384,10512,129936,7.48,136,364
516,9401,10544,129904,7.51,136,364
517,9417,10520,129928,7.49,136,364
518,9434,10496,129952,7.47,136,364
519,9451,10528,129920,7.50,136,364
520,9467,10504,129944,7.48,136,364
521,9485,17504,122944,12.46,230,488
522,9501,9904,130544,7.05,125,377
523,9517,9904,130544,7.05,125,377
524,9534,9904,130544,7.05,125,377
525,9551,9904,130544,7.05,125,377
526,9568,9904,130544,7.05,125,377
527,9584,9904,130544,7.05,125,377
528,9602,9904,130544,7.05,125,377
529,9618,9904,130544,7.05,125,377
530,9635,9904,130544,7.05,125,377
531,9652,9904,130544,7.05,125,377
532,9668,9904,130544,7.05,125,377
533,9686,11096,129352,7.90,138,445
534,9703,9912,130536,7.06,125,377
535,9717,9912,130536,7.06,125,377
536,9736,9912,130536,7.06,125,377
537,9752,9912,130536,7.06,125,377
538,9769,9912,130536,7.06,125,377
539,9786,9912,130536,7.06,125,377
540,9802,9912,130536,7.06,125,377
541,9819,9912,130536,7.06,125,377
542,9836,9912,130536,7.06,125,377
543,9852,9992,130456,7.11,132,393
544,9870,4872,135576,3.47,70,184
545,9942,48464,82864,36.90,623,803
546,9958,28272,112176,20.13,322,556
547,9974,28280,112168,20.14,322,555
548,9991,28280,112168,20.14,322,556
549,10009,28696,111752,20.43,326,576
550,10025,28264,112184,20.12,322,556
551,10042,28272,112176,20.13,322,555
552,10058,28272,112176,20.13,322,556
553,10075,28280,112168,20.14,322,555
554,10092,29344,111104,20.89,335,572
555,10109,28520,111928,20.31,324,526
556,10127,30912,109536,22.01,352,663
557,10143,28640,111808,20.39,325,529
558,10159,28616,111832,20.37,325,530
559,10176,28608,111840,20.37,325,529
560,10193,28640,111808,20.39,325,530
561,10210,28696,111752,20.43,326,532
562,10226,28504,111944,20.30,324,525
563,10243,28504,111944,20.30,324,524
564,10260,28488,111960,20.28,324,525
565,10276,28488,111960,20.28,324,524
566,10293,28528,111920,20.31,324,525
567,10310,28528,111920,20.31,324,524
568,10327,33376,107072,23.76,391,605
569,10343,28376,112072,20.20,323,521
570,10360,28384,112064,20.21,323,522
571,10377,28408,112040,20.23,323,521
572,10394,28416,112032,20.23,323,522
573,10410,28384,112064,20.21,323,521
574,10428,28392,112056,20.22,323,522
575,10444,28416,112032,20.23,323,521
576,10461,28424,112024,20.24,323,522
577,10477,28664,111784,20.41,326,532
578,10494,28480,111968,20.28,324,527
579,10511,28496,111952,20.29,324,526
580,10529,32176,108272,22.91,370,592
581,10544,28640,111808,20.39,325,529
582,10561,28616,111832,20.37,325,530
583,10578,28784,111664,20.49,331,576
584,10595,4728,135720,3.37,70,178
585,10620,43032,88296,32.77,565,813
586,10635,22512,117936,16.03,262,562
587,10652,22528,117920,16.04,262,561
588,10669,22536,117912,16.05,262,562
589,10686,22904,117544,16.31,266,582
590,10702,22536,117912,16.05,262,562
591,10719,22496,117952,16.02,262,561
592,10736,22504,117944,16.02,262,562
593,10752,22752,117696,16.20,265,566
594,10769,23648,116800,16.84,276,577
595,10786,22784,117664,16.22,265,531
596,10804,25192,115256,17.94,293,668
597,10820,22936,117512,16.33,266,534
598,10836,22928,117520,16.32,266,535
599,10853,22936,117512,16.33,266,534
600,10870,22928,117520,16.32,266,535
601,10886,22936,117512,16.33,266,536
602,10903,22936,117512,16.33,266,535
603,10920,22944,117504,16.34,266,534
604,10937,22936,117512,16.33,266,535
605,10953,22944,117504,16.34,266,534
606,10970,22936,117512,16.33,266,535
607,10987,22944,117504,16.34,266,534
608,11004,27800,112648,19.79,333,615
609,11021,22912,117536,16.31,266,538
610,11037,22736,117712,16.19,264,533
611,11054,22760,117688,16.21,264,532
612,11071,22768,117680,16.21,264,533
613,11088,22736,117712,16.19,264,532
614,11103,22744,117704,16.19,264,533
615,11121,22768,117680,16.21,264,532
616,11137,22720,117728,16.18,264,533
617,11154,22744,117704,16.19,264,532
618,11171,22752,117696,16.20,264,533
619,11188,22720,117728,16.18,264,532
620,11204,26408,114040,18.80,310,598
621,11220,22880,117568,16.29,265,535
622,11237,11600,128848,8.26,146,392
623,11255,4744,135704,3.38,70,178
624,11292,25200,106128,19.19,268,497
625,11311,21640,118808,15.41,246,609
626,11327,21640,118808,15.41,246,610
627,11344,21656,118792,15.42,246,609
628,11361,21656,118792,15.42,246,610
629,11377,21672,118776,15.43,246,609
630,11394,21672,118776,15.43,246,610
631,11409,21632,118816,15.40,246,609
632,11428,25848,114600,18.40,302,690
633,11444,21544,118904,15.34,245,606
634,11461,21568,118880,15.36,245,607
635,11475,21552,118896,15.35,245,606
636,11496,21520,118928,15.32,245,607
637,11511,21560,118888,15.35,245,606
638,11528,21528,118920,15.33,245,607
639,11544,21568,118880,15.36,245,606
640,11561,21536,118912,15.33,245,607
641,11575,21520,118928,15.32,245,606
642,11595,21544,118904,15.34,245,607
643,11610,21528,118920,15.33,245,606
644,11628,25904,114544,18.44,304,764
645,11644,21680,118768,15.44,246,609
646,11660,21680,118768,15.44,246,610
647,11677,21640,118808,15.41,246,609
648,11695,21640,118808,15.41,246,610
649,11713,21656,118792,15.42,246,612
650,11730,23488,116960,16.72,268,730
651,11746,21648,118800,15.41,246,609
652,11762,21648,118800,15.41,246,610
653,11779,21664,118784,15.42,246,609
654,11796,21664,118784,15.42,246,610
655,11813,21680,118768,15.44,246,609
656,11827,27192,113256,19.36,324,690
657,11844,21528,118920,15.33,245,606
658,11861,21552,118896,15.35,245,607
659,11880,21536,118912,15.33,245,606
660,11895,21560,118888,15.35,245,607
661,11913,21544,118904,15.34,245,606
662,11930,21568,118880,15.36,245,607
663,11947,21552,118896,15.35,245,606
664,11964,21520,118928,15.32,245,607
665,11980,21560,118888,15.35,245,606
666,11997,21528,118920,15.33,245,607
667,12012,21568,118880,15.36,245,606
668,12032,25216,115232,17.95,291,672
669,12047,21648,118800,15.41,246,609
670,12064,21648,118800,15.41,246,610
671,12081,21664,118784,15.42,246,609
672,12095,21664,118784,15.42,246,610
673,12114,21680,118768,15.44,246,609
674,12131,21680,118768,15.44,246,610
675,12147,21640,118808,15.41,246,609
676,12164,24904,115544,17.73,291,674
677,12179,21656,118792,15.42,246,609
678,12198,21656,118792,15.42,246,610
679,12214,21672,118776,15.43,246,609
680,12231,26536,113912,18.89,313,690
681,12248,21552,118896,15.35,245,606
682,12265,21520,118928,15.32,245,607
683,12281,21560,118888,15.35,245,606
684,12298,21528,118920,15.33,245,607
685,12315,21568,118880,15.36,245,606
686,12332,21536,118912,15.33,245,607
687,12348,21520,118928,15.32,245,606
688,12365,21544,118904,15.34,245,607
689,12382,21528,118920,15.33,245,606
690,12399,21552,118896,15.35,245,607
691,12415,21536,118912,15.33,245,606
692,12433,23952,116496,17.05,273,743
693,12449,21648,118800,15.41,246,609
694,12465,21648,118800,15.41,246,610
695,12482,21664,118784,15.42,246,609
696,12499,21664,118784,15.42,246,610
697,12516,21680,118768,15.44,246,611
698,12533,21632,118816,15.40,246,610
699,12550,21648,118800,15.41,246,609
700,12566,21648,118800,15.41,246,610
701,12583,21664,118784,15.42,246,609
702,12599,21664,118784,15.42,246,610
703,12616,33768,106680,24.04,380,736
704,12632,25016,115432,17.81,291,736
705,12647,22312,118136,15.89,255,648
706,12667,21584,118864,15.37,245,609
707,12683,21600,118848,15.38,245,611
708,12700,21576,118872,15.36,245,612
709,12717,21568,118880,15.36,245,608
710,12734,21568,118880,15.36,245,609
711,12750,21584,118864,15.37,245,608
712,12767,21584,118864,15.37,245,609
713,12784,21600,118848,15.38,245,608
714,12800,21600,118848,15.38,245,609
715,12817,21560,118888,15.35,245,608
716,12835,25888,114560,18.43,302,692
717,12851,21672,118776,15.43,246,611
718,12867,21704,118744,15.45,246,612
719,12884,21696,118752,15.45,246,611
720,12901,21672,118776,15.43,246,612
721,12916,21664,118784,15.42,246,611
722,12933,21696,118752,15.45,246,612
723,12952,21688,118760,15.44,246,611
724,12968,21664,118784,15.42,246,612
725,12985,21712,118736,15.46,246,611
726,13001,33856,106592,24.11,381,744
727,13018,21448,119000,15.27,244,640
728,13035,26656,113792,18.98,312,732
729,13052,24864,115584,17.70,290,672
730,13069,21600,118848,15.38,245,609
731,13083,21560,118888,15.35,245,608
732,13103,21560,118888,15.35,245,609
733,13119,21576,118872,15.36,245,608
734,13136,21576,118872,15.36,245,609
735,13152,33760,106688,24.04,380,740
736,13169,21368,119080,15.21,243,638
737,13186,22280,118168,15.86,255,648
738,13202,21552,118896,15.35,245,609
739,13219,21568,118880,15.36,245,608
740,13235,24520,115928,17.46,280,752
741,13253,20960,119488,14.92,237,613
742,13269,20984,119464,14.94,237,614
743,13286,20960,119488,14.92,237,613
744,13302,38704,101744,27.56,410,682
745,13319,38696,101752,27.55,410,683
746,13335,38656,101792,27.52,410,682
747,13353,38704,101744,27.56,410,681
748,13370,24472,115976,17.42,283,681
749,13386,21176,119272,15.08,236,611
750,13403,21184,119264,15.08,236,612
751,13420,24472,115976,17.42,283,680
752,13438,26760,113688,19.05,312,690
753,13453,21904,118544,15.60,245,609
754,13470,25192,115256,17.94,292,679
755,13487,21912,118536,15.60,245,609
756,13504,21928,118520,15.61,245,610
757,13520,25176,115272,17.93,292,678
758,13537,21936,118512,15.62,245,610
759,13554,21912,118536,15.60,245,609
760,13571,25200,115248,17.94,292,679
761,13587,21920,118528,15.61,245,609
762,13604,21936,118512,15.62,245,610
763,13621,25184,115264,17.93,292,678
764,13639,25512,114936,18.16,290,672
765,13654,21904,118544,15.60,245,609
766,13671,25192,115256,17.94,292,679
767,13688,21912,118536,15.60,245,609
768,13705,21928,118520,15.61,245,610
769,13719,25176,115272,17.93,292,678
770,13739,21936,118512,15.62,245,610
771,13754,21912,118536,15.60,245,609
772,13772,25200,115248,17.94,292,679
773,13788,21920,118528,15.61,245,609
774,13805,21936,118512,15.62,245,610
775,13821,25184,115264,17.93,292,678
776,13838,29672,110776,21.13,359,739
777,13855,21784,118664,15.51,244,606
778,13872,25096,115352,17.87,291,676
779,13889,21784,118664,15.51,244,606
780,13905,21824,118624,15.54,244,607
781,13922,25096,115352,17.87,291,675
782,13939,22488,117960,16.01,253,717
783,13956,21816,118632,15.53,244,606
784,13972,25072,115376,17.85,291,676
785,13989,21816,118632,15.53,244,606
786,14006,21800,118648,15.52,244,607
787,14023,25072,115376,17.85,291,675
788,14040,25504,114944,18.16,292,764
789,14056,21920,118528,15.61,245,609
790,14073,36008,104440,25.64,408,755
791,14089,27280,113168,19.42,322,672
792,14106,25344,115104,18.05,286,686
793,14123,32504,107944,23.14,341,717
794,14140,22704,117744,16.17,251,643
795,14156,22704,117744,16.17,251,642
796,14173,22688,117760,16.15,251,643
797,14190,22688,117760,16.15,251,642
798,14206,22672,117776,16.14,251,643
799,14223,22672,117776,16.14,251,642
800,14240,25784,114664,18.36,291,780
801,14257,22680,117768,16.15,251,642
802,14273,22664,117784,16.14,251,643
803,14290,22664,117784,16.14,251,645
804,14307,22680,117768,16.15,251,646
805,14324,22656,117792,16.13,251,642
806,14341,22696,117752,16.16,251,643
807,14357,22696,117752,16.16,251,642
808,14374,22680,117768,16.15,251,643
809,14390,22992,117456,16.37,258,645
810,14407,22304,118144,15.88,248,607
811,14424,34264,106184,24.40,381,740
812,14442,26464,113984,18.84,309,717
813,14458,21696,118752,15.45,245,638
814,14475,21952,118496,15.63,247,668
815,14491,21664,118784,15.42,245,638
816,14508,21688,118760,15.44,245,639
817,14525,21952,118496,15.63,247,667
818,14542,21656,118792,15.42,245,639
819,14558,21688,118760,15.44,245,638
820,14575,21944,118504,15.62,247,668
821,14591,21656,118792,15.42,245,638
822,14609,21680,118768,15.44,245,639
823,14625,21944,118504,15.62,247,667
824,14642,27064,113384,19.27,320,717
825,14659,21560,118888,15.35,244,635
826,14676,21840,118608,15.55,246,665
827,14692,21576,118872,15.36,244,635
828,14709,21568,118880,15.36,244,636
829,14726,22704,117744,16.17,257,655
830,14742,25504,114944,18.16,293,682
831,14759,22040,118408,15.69,245,606
832,14776,22048,118400,15.70,245,607
833,14792,25344,115104,18.05,292,675
834,14809,22040,118408,15.69,245,607
835,14826,35480,104968,25.26,384,738
836,14844,28616,111832,20.37,331,859
837,14860,22456,117992,15.99,246,638
838,14876,22720,117728,16.18,248,668
839,14893,25712,114736,18.31,293,707
840,14910,22432,118016,15.97,246,639
841,14927,22704,117744,16.17,248,669
842,14942,26912,113536,19.16,306,800
843,14961,22456,117992,15.99,246,638
844,14976,22720,117728,16.18,248,668
845,14993,25712,114736,18.31,293,707
846,15010,22432,118016,15.97,246,639
847,15027,22704,117744,16.17,248,667
848,15044,30456,109992,21.68,357,786
849,15060,22328,118120,15.90,245,635
850,15077,22616,117832,16.10,247,665
851,15094,25576,114872,18.21,292,704
852,15111,22320,118128,15.89,245,636
853,15127,23464,116984,16.71,258,655
854,15144,25840,114608,18.40,294,676
855,15161,22544,117904,16.05,247,606
856,15178,22544,117904,16.05,247,607
857,15194,25832,114616,18.39,294,675
858,15211,22576,117872,16.07,247,607
859,15228,22536,117912,16.05,247,606
860,15246,28200,112248,20.08,322,812
861,15262,22672,117776,16.14,248,609
862,15278,22648,117800,16.13,248,610
863,15294,25912,114536,18.45,295,678
864,15312,22688,117760,16.15,248,610
865,15328,22680,117768,16.15,248,611
866,15345,25936,114512,18.47,295,679
867,15359,22672,117776,16.14,248,609
868,15379,22648,117800,16.13,248,610
869,15395,25912,114536,18.45,295,678
870,15411,22688,117760,16.15,248,610
871,15428,22680,117768,16.15,250,610
872,15445,27256,113192,19.41,316,690
873,15462,22288,118160,15.87,248,606
874,15479,22272,118176,15.86,248,607
875,15496,22272,118176,15.86,248,606
876,15512,25848,114600,18.40,294,676
877,15529,22552,117896,16.06,247,606
878,15546,22552,117896,16.06,247,607
879,15563,37280,103168,26.54,413,751
880,15579,28048,112400,19.97,325,673
881,15596,26096,114352,18.58,289,685
882,15613,31768,108680,22.62,338,715
883,15630,22688,117760,16.15,251,642
884,15646,25136,115312,17.90,282,777
885,15663,22704,117744,16.17,251,642
886,15680,22688,117760,16.15,251,643
887,15697,22688,117760,16.15,251,642
888,15714,22672,117776,16.14,251,643
889,15730,22672,117776,16.14,251,644
890,15747,22664,117784,16.14,251,643
891,15763,22664,117784,16.14,251,642
892,15781,22704,117744,16.17,251,643
893,15797,22704,117744,16.17,251,642
894,15814,22688,117760,16.15,251,643
895,15831,22688,117760,16.15,251,642
896,15847,26424,114024,18.81,300,706
897,15864,22672,117776,16.14,251,642
898,15881,23112,117336,16.46,258,653
899,15898,22416,118032,15.96,248,613
900,15912,22432,118016,15.97,248,614
901,15931,22264,118184,15.85,248,606
902,15947,22304,118144,15.88,248,607
903,15964,22304,118144,15.88,248,606
904,15982,22288,118160,15.87,248,607
905,15998,22288,118160,15.87,248,606
906,16015,22272,118176,15.86,248,607
907,16032,22272,118176,15.86,248,606
908,16049,24704,115744,17.59,276,743
909,16065,22416,118032,15.96,249,609
910,16082,22376,118072,15.93,249,610
911,16099,22408,118040,15.95,249,609
912,16115,35168,105280,25.04,386,732
913,16131,22128,118320,15.76,247,637
914,16147,23080,117368,16.43,259,647
915,16166,22328,118120,15.90,249,606
916,16182,22344,118104,15.91,249,607
917,16199,22320,118128,15.89,249,606
918,16216,22336,118112,15.90,249,607
919,16233,22368,118080,15.93,249,606
920,16249,25896,114552,18.44,294,669
921,16266,34688,105760,24.70,383,737
922,16283,21752,118696,15.49,245,633
923,16300,21776,118672,15.50,245,632
924,16316,22024,118424,15.68,247,662
925,16333,21728,118720,15.47,245,632
926,16350,21744,118704,15.48,245,633
927,16367,22056,118392,15.70,247,661
928,16383,21752,118696,15.49,245,633
929,16400,21776,118672,15.50,245,632
930,16416,22024,118424,15.68,247,662
931,16433,21728,118720,15.47,245,632
932,16451,24136,116312,17.19,273,769
933,16467,22160,118288,15.78,248,664
934,16484,36568,103880,26.04,423,752
935,16500,33272,107176,23.69,379,738
936,16517,21136,119312,15.05,243,636
937,16534,22080,118368,15.72,255,648
938,16551,21336,119112,15.19,245,607
939,16567,21328,119120,15.19,245,606
940,16584,21360,119088,15.21,245,607
941,16601,21352,119096,15.20,245,606
942,16618,21328,119120,15.19,245,607
943,16635,21376,119072,15.22,245,606
944,16652,37184,103264,26.48,428,803
945,16667,20328,120120,14.47,234,597
946,16682,20576,119872,14.65,237,610
947,16702,19872,120576,14.15,227,570
948,16717,19840,120608,14.13,227,570
949,16734,19864,120584,14.14,227,570
950,16752,19832,120616,14.12,227,570
951,16768,19856,120592,14.14,227,570
952,16785,19824,120624,14.11,227,570
953,16802,32496,107952,23.14,370,700
954,16819,20344,120104,14.49,234,597
955,16835,20592,119856,14.66,237,610
956,16853,22112,118336,15.74,254,679
957,16869,19872,120576,14.15,227,570
958,16885,19840,120608,14.13,227,570
959,16902,19864,120584,14.14,227,570
960,16919,19832,120616,14.12,227,570
961,16936,19912,120536,14.18,227,573
962,16953,19880,120568,14.15,227,573
963,16969,19904,120544,14.17,227,573
964,16986,19928,120520,14.19,227,573
965,17003,23600,116848,16.80,274,648
966,17020,20152,120296,14.35,226,573
967,17036,20192,120256,14.38,226,573
968,17052,32576,107872,23.19,403,812
969,17070,20800,119648,14.81,234,605
970,17085,20760,119688,14.78,234,606
971,17104,24056,116392,17.13,281,674
972,17120,20760,119688,14.78,234,606
973,17137,20784,119664,14.80,234,605
974,17154,24072,116376,17.14,281,675
975,17170,20784,119664,14.80,234,605
976,17187,20800,119648,14.81,234,606
977,17204,24040,116408,17.12,281,674
978,17221,20800,119648,14.81,234,606
979,17237,20768,119680,14.79,234,605
980,17255,29808,110640,21.22,358,759
981,17271,21672,118776,15.43,244,609
982,17287,21664,118784,15.42,244,610
983,17304,24944,115504,17.76,291,678
984,17320,21680,118768,15.44,244,610
985,17338,21688,118760,15.44,244,609
986,17354,24952,115496,17.77,291,679
987,17371,21648,118800,15.41,244,609
988,17388,21696,118752,15.45,244,610
989,17404,24920,115528,17.74,291,678
990,17421,21656,118792,15.42,244,610
991,17438,21664,118784,15.42,244,609
992,17455,27104,113344,19.30,316,806
993,17471,21288,119160,15.16,239,608
994,17488,21320,119128,15.18,239,609
995,17503,24584,115864,17.50,286,677
996,17522,21304,119144,15.17,239,609
997,17538,21296,119152,15.16,239,610
998,17555,24608,115840,17.52,286,678
999,17572,21288,119160,15.16,239,608
1000,17587,21320,119128,15.18,239,609
1001,17606,24584,115864,17.50,286,677
1002,17622,21304,119144,15.17,239,609
1003,17639,21296,119152,15.16,239,608
1004,17656,29824,110624,21.23,358,759
1005,17673,21688,118760,15.44,244,609
1006,17689,21680,118768,15.44,244,610
1007,17706,24960,115488,17.77,291,678
1008,17723,21696,118752,15.45,244,610
1009,17739,21648,118800,15.41,244,609
1010,17756,36240,104208,25.80,416,761
1011,17773,27064,113384,19.27,321,672
1012,17789,25000,115448,17.80,279,681
1013,17807,31560,108888,22.47,337,714
1014,17822,21944,118504,15.62,248,643
1015,17840,21928,118520,15.61,248,642
1016,17856,26248,114200,18.69,306,728
1017,17873,21664,118784,15.42,244,642
1018,17890,21704,118744,15.45,244,643
1019,17906,21704,118744,15.45,244,642
1020,17923,21688,118760,15.44,244,643
1021,17940,21688,118760,15.44,244,642
1022,17957,21672,118776,15.43,244,643
1023,17973,21672,118776,15.43,244,642
1024,17990,21568,118880,15.36,244,636
1025,18007,21536,118912,15.33,244,635
1026,18024,21544,118904,15.34,244,636
1027,18040,21568,118880,15.36,244,635
1028,18057,26192,114256,18.65,310,791
1029,18074,22360,118088,15.92,256,648
1030,18091,21632,118816,15.40,246,610
1031,18107,33648,106800,23.96,380,731
1032,18124,21368,119080,15.21,244,636
1033,18141,34808,105640,24.78,384,742
1034,18159,24288,116160,17.29,276,754
1035,18175,21840,118608,15.55,246,635
1036,18191,22176,118272,15.79,248,665
1037,18208,21856,118592,15.56,246,635
1038,18225,21848,118600,15.56,246,636
1039,18242,22136,118312,15.76,248,664
1040,18258,27928,112520,19.88,332,714
1041,18275,21768,118680,15.50,245,632
1042,18292,22016,118432,15.68,247,662
1043,18309,21776,118672,15.50,245,632
1044,18325,21736,118712,15.48,245,633
1045,18342,22048,118400,15.70,247,661
1046,18358,21744,118704,15.48,245,633
1047,18376,21768,118680,15.50,245,632
1048,18392,22016,118432,15.68,247,662
1049,18409,21776,118672,15.50,245,632
1050,18426,21736,118712,15.48,245,633
1051,18442,22896,117552,16.30,258,652
1052,18460,25640,114808,18.26,293,669
1053,18476,22120,118328,15.75,248,606
1054,18492,22168,118280,15.78,248,610
1055,18509,22176,118272,15.79,248,609
1056,18526,22168,118280,15.78,248,610
1057,18543,22176,118272,15.79,248,609
1058,18559,22168,118280,15.78,248,610
1059,18576,22176,118272,15.79,248,609
1060,18593,33848,106600,24.10,380,742
1061,18610,21408,119040,15.24,244,638
1062,18627,33640,106808,23.95,380,732
1063,18643,21368,119080,15.21,244,635
1064,18660,27192,113256,19.36,323,727
1065,18677,24744,115704,17.62,290,667
1066,18693,21504,118944,15.31,245,604
1067,18710,21488,118960,15.30,245,603
1068,18727,21512,118936,15.32,245,604
1069,18744,21496,118952,15.31,245,603
1070,18760,21464,118984,15.28,245,604
1071,18777,21504,118944,15.31,245,603
1072,18794,21472,118976,15.29,245,604
1073,18811,21512,118936,15.32,245,603
1074,18828,21536,118912,15.33,245,607
1075,18844,21520,118928,15.32,245,606
1076,18862,23936,116512,17.04,273,743
1077,18878,21632,118816,15.40,246,609
1078,18894,21632,118816,15.40,246,610
1079,18911,21648,118800,15.41,246,609
1080,18928,21648,118800,15.41,246,610
1081,18945,21664,118784,15.42,246,611
1082,18961,21672,118776,15.43,246,610
1083,18978,21632,118816,15.40,246,609
1084,18995,21632,118816,15.40,246,610
1085,19012,21648,118800,15.41,246,609
1086,19028,21648,118800,15.41,246,610
1087,19045,34832,105616,24.80,384,741
1088,19062,24104,116344,17.16,271,766
1089,19079,21536,118912,15.33,241,635
1090,19096,21856,118592,15.56,243,665
1091,19112,21576,118872,15.36,241,637
1092,19129,21584,118864,15.37,241,638
1093,19146,21832,118616,15.54,243,664
1094,19162,25248,115200,17.98,288,711
1095,19179,21816,118632,15.53,240,635
1096,19196,22096,118352,15.73,242,665
1097,19213,25104,115344,17.87,287,704
1098,19229,21840,118608,15.55,240,636
1099,19246,22128,118320,15.76,242,664
1100,19264,30848,109600,21.96,367,786
1101,19280,22184,118264,15.80,245,638
1102,19296,22480,117968,16.01,247,668
1103,19313,25448,115000,18.12,292,707
1104,19330,22200,118248,15.81,245,639
1105,19346,23296,117152,16.59,260,659
1106,19363,22144,118304,15.77,248,610
1107,19380,22152,118296,15.77,248,609
1108,19397,22144,118304,15.77,248,610
1109,19414,22152,118296,15.77,248,609
1110,19430,22144,118304,15.77,248,610
1111,19447,22152,118296,15.77,248,609
1112,19464,26360,114088,18.77,304,690
1113,19481,25584,114864,18.22,293,675
1114,19497,22304,118144,15.88,246,607
1115,19514,22296,118152,15.87,246,606
1116,19531,25600,114848,18.23,293,676
1117,19547,22280,118168,15.86,246,606
1118,19564,22312,118136,15.89,246,607
1119,19581,25576,114872,18.21,293,675
1120,19598,22296,118152,15.87,246,607
1121,19614,22288,118160,15.87,246,606
1122,19631,25592,114856,18.22,293,676
1123,19648,22328,118120,15.90,246,606
1124,19665,26008,114440,18.52,294,764
1125,19682,25688,114760,18.29,294,678
1126,19698,22440,118008,15.98,247,610
1127,19715,22408,118040,15.95,247,609
1128,19731,25688,114760,18.29,294,679
1129,19748,22400,118048,15.95,247,612
1130,19765,23104,117344,16.45,256,720
1131,19782,25672,114776,18.28,294,678
1132,19798,22424,118024,15.97,247,610
1133,19815,22392,118056,15.94,247,609
1134,19832,25672,114776,18.28,294,679
1135,19849,22440,118008,15.98,247,609
1136,19867,27256,113192,19.41,314,690
1137,19883,25664,114784,18.27,294,678
1138,19899,22416,118032,15.96,247,610
1139,19913,22440,118008,15.98,247,609
1140,19931,25664,114784,18.27,294,679
1141,19950,22432,118016,15.97,247,609
1142,19966,22440,118008,15.98,247,610
1143,19983,39136,101312,27.87,442,760
1144,19999,28936,111512,20.60,342,731
1145,20016,25488,114960,18.15,280,685
1146,20033,22856,117592,16.27,259,657
1147,20049,22056,118392,15.70,247,624
1148,20066,26264,114184,18.70,302,692
1149,20083,21800,118648,15.52,243,624
1150,20100,22112,118336,15.74,245,653
1151,20116,21800,118648,15.52,243,624
1152,20133,21824,118624,15.54,243,625
1153,20150,21800,118648,15.52,243,624
1154,20167,21824,118624,15.54,243,625
1155,20183,21800,118648,15.52,243,624
1156,20200,23880,116568,17.00,277,686
1157,20217,21792,118656,15.52,243,624
1158,20234,21816,118632,15.53,243,625
1159,20250,21792,118656,15.52,243,624
1160,20267,21048,119400,14.99,281,623
1161,20284,13208,127240,9.40,166,492
1162,20301,13936,126512,9.92,175,530
1163,20318,12944,127504,9.22,163,487
1164,20334,12960,127488,9.23,163,488
1165,20351,12984,127464,9.24,163,487
1166,20368,13752,126696,9.79,175,520
1167,20384,12960,127488,9.23,163,487
1168,20401,13264,127184,9.44,165,516
1169,20418,12800,127648,9.11,163,480
1170,20435,12840,127608,9.14,163,481
1171,20451,12832,127616,9.14,163,480
1172,20469,16424,124024,11.69,208,618
1173,20485,12920,127528,9.20,164,483
1174,20502,13224,127224,9.42,166,512
1175,20519,12960,127488,9.23,164,483
1176,20535,14688,125760,10.46,196,517
1177,20552,12936,127512,9.21,164,485
1178,20569,12928,127520,9.20,164,484
1179,20586,12952,127496,9.22,164,483
1180,20602,13200,127248,9.40,166,512
1181,20619,12936,127512,9.21,164,483
1182,20636,12952,127496,9.22,164,484
1183,20653,12920,127528,9.20,164,483
1184,20669,17600,122848,12.53,226,566
1185,20686,12576,127872,8.95,159,480
1186,20703,13672,126776,9.73,173,541
1187,20720,12576,127872,8.95,159,480
1188,20736,12576,127872,8.95,159,481
1189,20753,12584,127864,8.96,159,480
1190,20770,12584,127864,8.96,159,481
1191,20786,12592,127856,8.97,159,480
1192,20803,12880,127568,9.17,161,509
1193,20820,12600,127848,8.97,159,480
1194,20837,12600,127848,8.97,159,481
1195,20854,12552,127896,8.94,159,480
1196,20871,18800,121648,13.39,249,577
1197,20887,12928,127520,9.20,164,483
1198,20904,13232,127216,9.42,166,512
1199,20920,12912,127536,9.19,164,483
1200,20937,12928,127520,9.20,164,484
1201,20954,12952,127496,9.22,164,483
1202,20971,12912,127536,9.19,164,484
1203,20987,12936,127512,9.21,164,483
1204,21004,13240,127208,9.43,166,512
1205,21021,12920,127528,9.20,164,483
1206,21038,13904,126544,9.90,179,526
1207,21054,12952,127496,9.22,164,483
1208,21069,17576,122872,12.51,226,566
1209,21086,12552,127896,8.94,159,480
1210,21105,13688,126760,9.75,172,503
1211,21121,12808,127640,9.12,161,453
1212,21138,12808,127640,9.12,161,454
1213,21155,12824,127624,9.13,161,453
1214,21171,12824,127624,9.13,161,454
1215,21188,12784,127664,9.10,161,453
1216,21205,12784,127664,9.10,161,454
1217,21222,12800,127648,9.11,161,453
1218,21238,12800,127648,9.11,161,454
1219,21255,31160,109288,22.19,424,503
1220,21273,17560,122888,12.50,225,626
1221,21289,13952,126496,9.93,178,471
1222,21305,14536,125912,10.35,189,506
1223,21322,13968,126480,9.95,178,471
1224,21339,13960,126488,9.94,178,472
1225,21356,13968,126480,9.95,178,474
1226,21372,16008,124440,11.40,204,607
1227,21389,14088,126360,10.03,180,497
1228,21406,14072,126376,10.02,180,498
1229,21423,14072,126376,10.02,180,497
1230,21439,14112,126336,10.05,180,498
1231,21456,14112,126336,10.05,180,497
1232,21473,18392,122056,13.10,238,583
1233,21489,13824,126624,9.84,176,497
1234,21506,14288,126160,10.17,180,529
1235,21523,15520,124928,11.05,192,551
1236,21540,15456,124992,11.00,191,550
1237,21558,33192,107256,23.63,358,764
1238,21573,22024,118424,15.68,246,636
1239,21590,22040,118408,15.69,246,635
1240,21607,22040,118408,15.69,246,636
1241,21624,22056,118392,15.70,246,635
1242,21640,22056,118392,15.70,246,636
1243,21657,22016,118432,15.68,246,635
1244,21674,25392,115056,18.08,290,773
1245,21691,22288,118160,15.87,250,635
1246,21707,22272,118176,15.86,250,636
1247,21724,22272,118176,15.86,250,635
1248,21740,22312,118136,15.89,250,636
1249,21757,22312,118136,15.89,250,638
1250,21774,22272,118176,15.86,250,636
1251,21791,22272,118176,15.86,250,635
1252,21808,22312,118136,15.89,250,636
1253,21824,22312,118136,15.89,250,635
1254,21841,22296,118152,15.87,250,636
1255,21858,22296,118152,15.87,250,635
1256,21875,27328,113120,19.46,321,717
1257,21891,22272,118176,15.86,250,635
1258,21908,22768,117680,16.21,257,646
1259,21923,22016,118432,15.68,247,606
1260,21942,22032,118416,15.69,247,607
1261,21958,22064,118384,15.71,247,606
1262,21975,22688,117760,16.15,256,717
1263,21992,22048,118400,15.70,247,606
1264,22009,22064,118384,15.71,247,607
1265,22025,22040,118408,15.69,247,606
1266,22042,22056,118392,15.70,247,607
1267,22059,22032,118416,15.69,247,606
1268,22077,25104,115344,17.87,284,746
1269,22093,22176,118272,15.79,248,609
1270,22109,22168,118280,15.78,248,610
1271,22126,25040,115408,17.83,268,440
1272,22142,5616,134832,4.00,85,237
1273,22159,5648,134800,4.02,85,237
1274,22176,5624,134824,4.00,85,237
1275,22193,5656,134792,4.03,85,237
1276,22209,5632,134816,4.01,85,237
1277,22226,5664,134784,4.03,85,237
1278,22243,5640,134808,4.02,85,237
1279,22259,5872,134576,4.18,89,246
1280,22276,5648,134800,4.02,85,237
1281,22293,5624,134824,4.00,85,237
1282,22310,5656,134792,4.03,85,237
1283,22327,5632,134816,4.01,85,237
1284,22343,5664,134784,4.03,85,237
1285,22360,5640,134808,4.02,85,237
1286,22377,5616,134832,4.00,85,237
1287,22394,5912,134536,4.21,89,247
1288,22410,5632,134816,4.01,85,237
1289,22427,5664,134784,4.03,85,237
1290,22444,5640,134808,4.02,85,237
1291,22461,5616,134832,4.00,85,237
1292,22477,5648,134800,4.02,85,237
1293,22494,5624,134824,4.00,85,237
1294,22511,5656,134792,4.03,85,237
1295,22528,5952,134496,4.24,89,250
1296,22544,5616,134832,4.00,85,237
1297,22561,5648,134800,4.02,85,237
1298,22578,5624,134824,4.00,85,237
1299,22594,5656,134792,4.03,85,237
1300,22611,5632,134816,4.01,85,237
1301,22628,5664,134784,4.03,85,237
1302,22645,5640,134808,4.02,85,237
1303,22661,5656,134792,4.03,86,239
1304,22678,5672,134776,4.04,86,239
1305,22695,5688,134760,4.05,86,239
1306,22712,5704,134744,4.06,86,239
1307,22728,5664,134784,4.03,86,239
1308,22745,5680,134768,4.04,86,239
1309,22762,5696,134752,4.06,86,239
1310,22779,5656,134792,4.03,86,239
1311,22795,5672,134776,4.04,86,239
1312,22812,5688,134760,4.05,86,239
1313,22829,5704,134744,4.06,86,239
1314,22846,5664,134784,4.03,86,239
1315,22862,5680,134768,4.04,86,239
1316,22879,5696,134752,4.06,86,239
1317,22896,5656,134792,4.03,86,239
1318,22913,5672,134776,4.04,86,239
1319,22929,5688,134760,4.05,86,239
1320,22946,5704,134744,4.06,86,239
1321,22963,5664,134784,4.03,86,239
1322,22980,5680,134768,4.04,86,239
1323,22996,5696,134752,4.06,86,239
1324,23013,5656,134792,4.03,86,239
1325,23030,5672,134776,4.04,86,239
1326,23046,5688,134760,4.05,86,239
1327,23063,5704,134744,4.06,86,239
1328,23080,5664,134784,4.03,86,239
1329,23097,5680,134768,4.04,86,239
1330,23114,5696,134752,4.06,86,239
1331,23130,5656,134792,4.03,86,239
1332,23147,5672,134776,4.04,86,239
1333,23164,5688,134760,4.05,86,239
1334,23180,5704,134744,4.06,86,239
1335,23197,5664,134784,4.03,86,239
1336,23214,5680,134768,4.04,86,239
1337,23231,5696,134752,4.06,86,239
1338,23247,5656,134792,4.03,86,239
1339,23264,5672,134776,4.04,86,239
1340,23281,5688,134760,4.05,86,239
1341,23298,5704,134744,4.06,86,239
1342,23314,5664,134784,4.03,86,239
1343,23331,5680,134768,4.04,86,239
1344,23348,5696,134752,4.06,86,239
1345,23363,5656,134792,4.03,86,239
1346,23382,5672,134776,4.04,86,239
1347,23398,5688,134760,4.05,86,239
1348,23415,5704,134744,4.06,86,239
1349,23432,5664,134784,4.03,86,239
1350,23448,5680,134768,4.04,86,239
1351,23465,5696,134752,4.06,86,239
1352,23482,5656,134792,4.03,86,239
1353,23496,5672,134776,4.04,86,239
1354,23516,5688,134760,4.05,86,239
1355,23532,5704,134744,4.06,86,239
1356,23549,5664,134784,4.03,86,239
1357,23566,5680,134768,4.04,86,239
# session start: tetris.gb
0,463,688,130640,0.52,10,19
1,480,648,139800,0.46,6,17
2,497,1368,139080,0.97,11,36
3,513,624,139824,0.44,6,17
4,530,1792,138656,1.28,14,38
5,547,648,139800,0.46,6,17
6,564,2232,138216,1.59,17,38
7,581,624,139824,0.44,6,17
8,596,2656,137792,1.89,20,38
9,615,648,139800,0.46,6,17
10,628,3096,137352,2.20,23,38
11,645,624,139824,0.44,6,17
12,662,3520,136928,2.51,26,38
13,679,648,139800,0.46,6,17
14,696,3960,136488,2.82,29,38
15,716,624,139824,0.44,6,17
16,730,4384,136064,3.12,32,38
17,747,648,139800,0.46,6,17
18,766,1368,139080,0.97,11,36
19,781,624,139824,0.44,6,17
20,798,4816,135632,3.43,35,38
21,815,648,139800,0.46,6,17
22,832,1800,138648,1.28,14,38
23,849,624,139824,0.44,6,17
24,865,5104,135344,3.63,35,38
25,882,648,139800,0.46,6,17
26,899,5184,135264,3.69,35,38
27,916,624,139824,0.44,6,17
28,932,5176,135272,3.69,35,38
29,948,648,139800,0.46,6,17
30,965,5184,135264,3.69,35,38
31,982,624,139824,0.44,6,17
32,998,4896,135552,3.49,32,38
33,1015,648,139800,0.46,6,17
34,1032,4896,135552,3.49,32,38
35,1049,624,139824,0.44,6,17
36,1063,4104,136344,2.92,29,38
37,1083,648,139800,0.46,6,17
38,1099,4104,136344,2.92,29,38
39,1116,624,139824,0.44,6,17
40,1133,4104,136344,2.92,29,38
41,1149,648,139800,0.46,6,17
42,1166,4104,136344,2.92,29,38
43,1183,624,139824,0.44,6,17
44,1200,4104,136344,2.92,29,38
45,1216,648,139800,0.46,6,17
46,1233,4104,136344,2.92,29,38
47,1250,624,139824,0.44,6,17
48,1266,4104,136344,2.92,29,38
49,1283,648,139800,0.46,6,17
50,1300,4104,136344,2.92,29,38
51,1316,624,139824,0.44,6,17
52,1333,4168,136280,2.97,30,41
53,1350,664,139784,0.47,6,17
54,1367,624,139824,0.44,6,17
55,1384,632,139816,0.45,6,17
56,1400,888,139560,0.63,10,26
57,1417,656,139792,0.47,6,17
58,1434,664,139784,0.47,6,17
59,1451,624,139824,0.44,6,17
60,1468,632,139816,0.45,6,17
61,1485,824,139624,0.59,8,24
62,1499,680,139768,0.48,7,18
63,1519,680,139768,0.48,7,18
64,1535,680,139768,0.48,7,18
65,1552,680,139768,0.48,7,18
66,1569,680,139768,0.48,7,18
67,1585,680,139768,0.48,7,18
68,1602,680,139768,0.48,7,18
69,1618,680,139768,0.48,7,18
70,1635,680,139768,0.48,7,18
71,1652,680,139768,0.48,7,18
72,1669,680,139768,0.48,7,18
73,1686,680,139768,0.48,7,18
74,1703,680,139768,0.48,7,18
75,1719,680,139768,0.48,7,18
76,1736,680,139768,0.48,7,18
77,1753,680,139768,0.48,7,18
78,1770,680,139768,0.48,7,18
79,1787,680,139768,0.48,7,18
80,1804,680,139768,0.48,7,18
81,1820,680,139768,0.48,7,18
82,1837,680,139768,0.48,7,18
83,1854,680,139768,0.48,7,18
84,1871,680,139768,0.48,7,18
85,1887,680,139768,0.48,7,18
86,1904,680,139768,0.48,7,18
87,1921,680,139768,0.48,7,18
88,1937,680,139768,0.48,7,18
89,1954,680,139768,0.48,7,18
90,1971,680,139768,0.48,7,18
91,1988,680,139768,0.48,7,18
92,2004,680,139768,0.48,7,18
93,2021,680,139768,0.48,7,18
94,2036,680,139768,0.48,7,18
95,2055,680,139768,0.48,7,18
96,2071,680,139768,0.48,7,18
97,2088,680,139768,0.48,7,18
98,2105,680,139768,0.48,7,18
99,2120,680,139768,0.48,7,18
100,2138,680,139768,0.48,7,18
101,2155,680,139768,0.48,7,18
102,2172,680,139768,0.48,7,18
103,2188,680,139768,0.48,7,18
104,2205,680,139768,0.48,7,18
105,2222,680,139768,0.48,7,18
106,2239,680,139768,0.48,7,18
107,2256,680,139768,0.48,7,18
108,2271,680,139768,0.48,7,18
109,2290,12880,127568,9.17,135,48
110,2304,696,139752,0.50,6,22
111,2322,12784,127664,9.10,132,45
112,2340,728,139720,0.52,6,22
113,2356,12768,127680,9.09,132,45
114,2373,696,139752,0.50,6,22
115,2390,12784,127664,9.10,132,45
116,2406,688,139760,0.49,6,22
117,2423,12776,127672,9.10,132,45
118,2440,696,139752,0.50,6,22
119,2455,12784,127664,9.10,132,45
120,2474,720,139728,0.51,6,22
121,2490,12808,127640,9.12,132,45
122,2505,704,139744,0.50,6,22
123,2524,12792,127656,9.11,132,45
124,2538,720,139728,0.51,6,22
125,2557,12808,127640,9.12,132,45
126,2574,696,139752,0.50,6,22
127,2591,12784,127664,9.10,132,45
128,2607,688,139760,0.49,6,22
129,2624,12776,127672,9.10,132,45
130,2641,704,139744,0.50,6,22
131,2657,12792,127656,9.11,132,45
132,2674,720,139728,0.51,6,22
133,2691,12808,127640,9.12,132,45
134,2708,696,139752,0.50,6,22
135,2722,12784,127664,9.10,132,45
136,2742,712,139736,0.51,6,22
137,2758,12800,127648,9.11,132,45
138,2775,688,139760,0.49,6,22
139,2791,12776,127672,9.10,132,45
140,2808,720,139728,0.51,6,22
141,2825,12808,127640,9.12,132,45
142,2842,720,139728,0.51,6,22
143,2858,12808,127640,9.12,132,45
144,2875,720,139728,0.51,6,22
145,2892,12808,127640,9.12,132,45
146,2909,720,139728,0.51,6,22
147,2925,12808,127640,9.12,132,45
148,2942,720,139728,0.51,6,22
149,2959,12808,127640,9.12,132,45
150,2976,688,139760,0.49,6,22
151,2992,12776,127672,9.10,132,45
152,3009,704,139744,0.50,6,22
153,3026,12792,127656,9.11,132,45
154,3041,696,139752,0.50,6,22
155,3058,12784,127664,9.10,132,45
156,3074,688,139760,0.49,6,22
157,3091,12776,127672,9.10,132,45
158,3108,704,139744,0.50,6,22
159,3125,12792,127656,9.11,132,45
160,3142,720,139728,0.51,6,22
161,3159,12808,127640,9.12,132,45
162,3176,688,139760,0.49,6,22
163,3192,12776,127672,9.10,132,45
164,3209,704,139744,0.50,6,22
165,3226,12792,127656,9.11,132,45
166,3242,720,139728,0.51,6,22
167,3259,12808,127640,9.12,132,45
168,3275,688,139760,0.49,6,22
169,3293,12776,127672,9.10,132,45
170,3309,704,139744,0.50,6,22
171,3326,12792,127656,9.11,132,45
172,3342,704,139744,0.50,6,22
173,3359,140448,0,100.00,2193,14
174,3375,122400,18048,87.15,1911,15
175,3393,608,139840,0.43,6,17
176,3409,656,139792,0.47,6,19
177,3426,1424,139024,1.01,10,73
178,3442,138440,2008,98.57,2867,69
179,3459,60096,80352,42.79,1242,21
180,3562,4712,126616,3.59,70,178
181,3632,5632,125696,4.29,73,160
182,3649,6792,133656,4.84,97,269
183,3664,6776,133672,4.82,97,269
184,3683,6816,133632,4.85,97,269
185,3699,6800,133648,4.84,97,269
186,3716,6784,133664,4.83,97,269
187,3731,6824,133624,4.86,97,269
188,3751,6808,133640,4.85,97,269
189,3765,6792,133656,4.84,97,269
190,3784,6776,133672,4.82,97,269
191,3800,6816,133632,4.85,97,269
192,3816,6800,133648,4.84,97,269
193,3832,6784,133664,4.83,97,269
194,3852,6824,133624,4.86,97,269
195,3867,6808,133640,4.85,97,269
196,3884,6792,133656,4.84,97,269
197,3899,6776,133672,4.82,97,269
198,3919,6816,133632,4.85,97,269
199,3932,6800,133648,4.84,97,269
200,3952,6784,133664,4.83,97,269
201,3966,6824,133624,4.86,97,269
202,3985,6808,133640,4.85,97,269
203,4001,6792,133656,4.84,97,269
204,4018,6776,133672,4.82,97,269
205,4035,6816,133632,4.85,97,269
206,4052,6800,133648,4.84,97,269
207,4069,6784,133664,4.83,97,269
208,4085,6824,133624,4.86,97,269
209,4102,6808,133640,4.85,97,269
210,4118,6792,133656,4.84,97,269
211,4136,6776,133672,4.82,97,269
212,4152,6816,133632,4.85,97,269
213,4169,6800,133648,4.84,97,269
214,4186,6784,133664,4.83,97,269
215,4202,6824,133624,4.86,97,269
216,4219,6808,133640,4.85,97,269
217,4236,6792,133656,4.84,97,269
218,4253,6776,133672,4.82,97,269
219,4269,6816,133632,4.85,97,269
220,4286,6800,133648,4.84,97,269
221,4303,6784,133664,4.83,97,269
222,4320,6824,133624,4.86,97,269
223,4337,6808,133640,4.85,97,269
224,4353,6792,133656,4.84,97,269
225,4370,6776,133672,4.82,97,269
226,4387,6816,133632,4.85,97,269
227,4403,6800,133648,4.84,97,269
228,4420,6784,133664,4.83,97,269
229,4437,6824,133624,4.86,97,269
230,4452,6808,133640,4.85,97,269
231,4469,6792,133656,4.84,97,269
232,4488,6776,133672,4.82,97,269
233,4502,6816,133632,4.85,97,269
234,4521,6800,133648,4.84,97,269
235,4537,6784,133664,4.83,97,269
236,4554,6824,133624,4.86,97,269
237,4571,6808,133640,4.85,97,269
238,4588,6792,133656,4.84,97,269
239,4604,6776,133672,4.82,97,269
240,4621,6816,133632,4.85,97,269
241,4637,6800,133648,4.84,97,269
242,4655,6784,133664,4.83,97,269
243,4671,6824,133624,4.86,97,269
244,4688,6808,133640,4.85,97,269
245,4705,6792,133656,4.84,97,269
246,4721,6776,133672,4.82,97,269
247,4738,6816,133632,4.85,97,269
248,4755,6800,133648,4.84,97,269
249,4772,6784,133664,4.83,97,269
250,4786,6824,133624,4.86,97,269
251,4806,6808,133640,4.85,97,269
252,4822,6792,133656,4.84,97,269
253,4839,6776,133672,4.82,97,269
254,4855,6816,133632,4.85,97,269
255,4872,6800,133648,4.84,97,269
256,4889,6784,133664,4.83,97,269
257,4906,6824,133624,4.86,97,269
258,4923,6808,133640,4.85,97,269
259,4939,6792,133656,4.84,97,269
260,4956,6776,133672,4.82,97,269
261,4973,6816,133632,4.85,97,269
262,4987,6800,133648,4.84,97,269
263,5007,6784,133664,4.83,97,269
264,5023,6824,133624,4.86,97,269
265,5040,6808,133640,4.85,97,269
266,5056,6792,133656,4.84,97,269
267,5073,6776,133672,4.82,97,269
268,5090,6816,133632,4.85,97,269
269,5107,6800,133648,4.84,97,269
270,5124,6784,133664,4.83,97,269
271,5140,6824,133624,4.86,97,269
272,5156,6808,133640,4.85,97,269
273,5173,6792,133656,4.84,97,269
274,5190,6776,133672,4.82,97,269
275,5207,6816,133632,4.85,97,269
276,5224,6800,133648,4.84,97,269
277,5240,6784,133664,4.83,97,269
278,5257,6824,133624,4.86,97,269
279,5273,6808,133640,4.85,97,269
280,5289,6792,133656,4.84,97,269
281,5306,6776,133672,4.82,97,269
282,5324,6816,133632,4.85,97,269
283,5339,6800,133648,4.84,97,269
284,5358,6784,133664,4.83,97,269
285,5374,6824,133624,4.86,97,269
286,5390,6808,133640,4.85,97,269
287,5408,6792,133656,4.84,97,269
288,5424,6776,133672,4.82,97,269
289,5441,6816,133632,4.85,97,269
290,5458,6800,133648,4.84,97,269
291,5475,6784,133664,4.83,97,269
292,5492,6824,133624,4.86,97,269
293,5508,6808,133640,4.85,97,269
294,5525,6792,133656,4.84,97,269
295,5542,6776,133672,4.82,97,269
296,5559,6816,133632,4.85,97,269
297,5576,6800,133648,4.84,97,269
298,5592,6784,133664,4.83,97,269
299,5609,6824,133624,4.86,97,269
300,5626,6808,133640,4.85,97,269
301,5642,6792,133656,4.84,97,269
302,5659,6776,133672,4.82,97,269
303,5674,6816,133632,4.85,97,269
304,5693,6800,133648,4.84,97,269
305,5709,6784,133664,4.83,97,269
306,5726,6824,133624,4.86,97,269
307,5743,6808,133640,4.85,97,269
308,5759,6792,133656,4.84,97,269
309,5776,6776,133672,4.82,97,269
310,5793,6816,133632,4.85,97,269
311,5810,6800,133648,4.84,97,269
312,5827,6784,133664,4.83,97,269
313,5841,6824,133624,4.86,97,269
314,5857,6808,133640,4.85,97,269
315,5877,6792,133656,4.84,97,269
316,5893,6776,133672,4.82,97,269
317,5910,6816,133632,4.85,97,269
318,5927,6800,133648,4.84,97,269
319,5944,6784,133664,4.83,97,269
320,5961,6824,133624,4.86,97,269
321,5977,6808,133640,4.85,97,269
322,5994,6792,133656,4.84,97,269
323,6011,6776,133672,4.82,97,269
324,6027,6816,133632,4.85,97,269
325,6044,6800,133648,4.84,97,269
326,6061,6784,133664,4.83,97,269
327,6078,6824,133624,4.86,97,269
328,6095,6808,133640,4.85,97,269
329,6111,6792,133656,4.84,97,269
330,6128,6776,133672,4.82,97,269
331,6145,6816,133632,4.85,97,269
332,6161,6800,133648,4.84,97,269
333,6177,6784,133664,4.83,97,269
334,6194,6824,133624,4.86,97,269
335,6211,6808,133640,4.85,97,269
336,6228,6792,133656,4.84,97,269
337,6245,6776,133672,4.82,97,269
338,6261,6816,133632,4.85,97,269
339,6278,6800,133648,4.84,97,269
340,6295,6784,133664,4.83,97,269
341,6312,6824,133624,4.86,97,269
342,6328,6808,133640,4.85,97,269
343,6346,6792,133656,4.84,97,269
344,6362,6776,133672,4.82,97,269
345,6378,6816,133632,4.85,97,269
346,6395,6800,133648,4.84,97,269
347,6412,6784,133664,4.83,97,269
348,6429,6824,133624,4.86,97,269
349,6446,6808,133640,4.85,97,269
350,6462,6792,133656,4.84,97,269
351,6480,6776,133672,4.82,97,269
352,6496,6816,133632,4.85,97,269
353,6513,6800,133648,4.84,97,269
354,6530,6784,133664,4.83,97,269
355,6547,6824,133624,4.86,97,269
356,6563,6808,133640,4.85,97,269
357,6580,6792,133656,4.84,97,269
358,6597,6776,133672,4.82,97,269
359,6614,6816,133632,4.85,97,269
360,6630,6800,133648,4.84,97,269
361,6647,6784,133664,4.83,97,269
362,6664,6824,133624,4.86,97,269
363,6681,6808,133640,4.85,97,269
364,6697,6792,133656,4.84,97,269
365,6714,6776,133672,4.82,97,269
366,6731,6816,133632,4.85,97,269
367,6748,6800,133648,4.84,97,269
368,6764,6784,133664,4.83,97,269
369,6781,6824,133624,4.86,97,269
370,6798,6808,133640,4.85,97,269
371,6814,6792,133656,4.84,97,269
372,6831,6776,133672,4.82,97,269
373,6848,6816,133632,4.85,97,269
374,6865,6800,133648,4.84,97,269
375,6881,6784,133664,4.83,97,269
376,6898,6824,133624,4.86,97,269
377,6915,6808,133640,4.85,97,269
378,6932,6792,133656,4.84,97,269
379,6948,6776,133672,4.82,97,269
380,6965,6816,133632,4.85,97,269
381,6982,6800,133648,4.84,97,269
382,6999,6784,133664,4.83,97,269
383,7015,6824,133624,4.86,97,269
384,7032,6808,133640,4.85,97,269
385,7049,6792,133656,4.84,97,269
386,7066,6776,133672,4.82,97,269
387,7082,6816,133632,4.85,97,269
388,7098,6800,133648,4.84,97,269
389,7116,6784,133664,4.83,97,269
390,7132,6824,133624,4.86,97,269
391,7147,6808,133640,4.85,97,269
392,7167,6792,133656,4.84,97,269
393,7183,6776,133672,4.82,97,269
394,7200,6816,133632,4.85,97,269
395,7216,6800,133648,4.84,97,269
396,7233,6784,133664,4.83,97,269
397,7250,6824,133624,4.86,97,269
398,7267,6808,133640,4.85,97,269
399,7283,6792,133656,4.84,97,269
400,7300,6776,133672,4.82,97,269
401,7317,6816,133632,4.85,97,269
402,7333,6800,133648,4.84,97,269
403,7350,6784,133664,4.83,97,269
404,7367,6824,133624,4.86,97,269
405,7384,6808,133640,4.85,97,269
406,7400,6792,133656,4.84,97,269
407,7417,6776,133672,4.82,97,269
408,7434,6816,133632,4.85,97,269
409,7451,6800,133648,4.84,97,269
410,7467,6784,133664,4.83,97,269
411,7484,6824,133624,4.86,97,269
412,7501,6808,133640,4.85,97,269
413,7518,6792,133656,4.84,97,269
414,7534,6776,133672,4.82,97,269
415,7551,6816,133632,4.85,97,269
416,7567,6800,133648,4.84,97,269
417,7584,6784,133664,4.83,97,269
418,7601,6824,133624,4.86,97,269
419,7617,6808,133640,4.85,97,269
420,7634,6792,133656,4.84,97,269
421,7651,6776,133672,4.82,97,269
422,7668,6816,133632,4.85,97,269
423,7682,6800,133648,4.84,97,269
424,7702,6784,133664,4.83,97,269
425,7717,6824,133624,4.86,97,269
426,7735,6808,133640,4.85,97,269
427,7752,6792,133656,4.84,97,269
428,7769,6776,133672,4.82,97,269
429,7786,6816,133632,4.85,97,269
430,7801,6888,133560,4.90,99,274
431,7819,6864,133584,4.89,97,272
432,7835,6840,133608,4.87,97,272
433,7852,6872,133576,4.89,97,272
434,7869,6848,133600,4.88,97,272
435,7886,6824,133624,4.86,97,272
436,7903,6856,133592,4.88,97,272
437,7918,6832,133616,4.86,97,272
438,7936,6864,133584,4.89,97,272
439,7953,6840,133608,4.87,97,272
440,7970,6872,133576,4.89,97,272
441,7986,6848,133600,4.88,97,272
442,8003,6824,133624,4.86,97,272
443,8019,6856,133592,4.88,97,272
444,8037,6832,133616,4.86,97,272
445,8053,6864,133584,4.89,97,272
446,8070,6840,133608,4.87,97,272
447,8087,6872,133576,4.89,97,272
448,8104,6848,133600,4.88,97,272
449,8119,6824,133624,4.86,97,272
450,8138,6856,133592,4.88,97,272
451,8154,6832,133616,4.86,97,272
452,8171,6864,133584,4.89,97,272
453,8187,6840,133608,4.87,97,272
454,8204,6872,133576,4.89,97,272
455,8221,6848,133600,4.88,97,272
456,8238,6824,133624,4.86,97,272
457,8254,6856,133592,4.88,97,272
458,8271,6832,133616,4.86,97,272
459,8288,6864,133584,4.89,97,272
460,8305,6840,133608,4.87,97,272
461,8321,6872,133576,4.89,97,272
462,8338,6848,133600,4.88,97,272
463,8355,6824,133624,4.86,97,272
464,8371,6856,133592,4.88,97,272
465,8388,6832,133616,4.86,97,272
466,8405,6864,133584,4.89,97,272
467,8422,6840,133608,4.87,97,272
468,8438,6872,133576,4.89,97,272
469,8455,6848,133600,4.88,97,272
470,8472,6824,133624,4.86,97,272
471,8489,6856,133592,4.88,97,272
472,8506,6832,133616,4.86,97,272
473,8522,6864,133584,4.89,97,272
474,8539,6840,133608,4.87,97,272
475,8556,6872,133576,4.89,97,272
476,8572,6848,133600,4.88,97,272
477,8589,6824,133624,4.86,97,272
478,8606,6856,133592,4.88,97,272
479,8623,6832,133616,4.86,97,272
480,8639,6864,133584,4.89,97,272
481,8656,6840,133608,4.87,97,272
482,8673,6872,133576,4.89,97,272
483,8690,6848,133600,4.88,97,272
484,8706,6824,133624,4.86,97,272
485,8723,6856,133592,4.88,97,272
486,8740,6832,133616,4.86,97,272
487,8757,6864,133584,4.89,97,272
488,8773,6840,133608,4.87,97,272
489,8790,6872,133576,4.89,97,272
490,8807,6848,133600,4.88,97,272
491,8824,6824,133624,4.86,97,272
492,8840,6856,133592,4.88,97,272
493,8857,6832,133616,4.86,97,272
494,8874,6864,133584,4.89,97,272
495,8890,6840,133608,4.87,97,272
496,8907,6872,133576,4.89,97,272
497,8924,6848,133600,4.88,97,272
498,8941,6824,133624,4.86,97,272
499,8958,6856,133592,4.88,97,272
500,8974,6832,133616,4.86,97,272
501,8991,6864,133584,4.89,97,272
502,9007,6848,133600,4.88,98,272
503,9024,4704,135744,3.35,70,178
504,9106,30296,101032,23.07,427,588
505,9122,10544,129904,7.51,136,364
506,9139,10520,129928,7.49,136,364
507,9155,10496,129952,7.47,136,364
508,9172,10528,129920,7.50,136,364
509,9189,10504,129944,7.48,136,364
510,9205,10536,129912,7.50,136,364
511,9222,10512,129936,7.48,136,364
512,9239,10544,129904,7.51,136,364
513,9255,10520,129928,7.49,136,364
514,9272,10496,129952,7.47,136,364
515,9289,13912,126536,9.91,178,492
516,9306,10536,129912,7.50,136,364
517,9322,10512,129936,7.48,136,364
518,9339,10544,129904,7.51,136,364
519,9356,10520,129928,7.49,136,364
520,9373,10496,129952,7.47,136,364
521,9390,10528,129920,7.50,136,364
522,9406,10504,129944,7.48,136,364
523,9423,10536,129912,7.50,136,364
524,9440,10512,129936,7.48,136,364
525,9457,10544,129904,7.51,136,364
526,9473,10520,129928,7.49,136,364
527,9490,13880,126568,9.88,178,492
528,9507,10504,129944,7.48,136,364
529,9524,10536,129912,7.50,136,364
530,9540,10512,129936,7.48,136,364
531,9557,10544,129904,7.51,136,364
532,9574,10520,129928,7.49,136,364
533,9590,10496,129952,7.47,136,364
534,9607,10528,129920,7.50,136,364
535,9624,10504,129944,7.48,136,364
536,9641,10536,129912,7.50,136,364
537,9657,10512,129936,7.48,136,364
538,9674,10544,129904,7.51,136,364
539,9691,13904,126544,9.90,178,492
540,9708,10528,129920,7.50,136,364
541,9724,10504,129944,7.48,136,364
542,9741,10536,129912,7.50,136,364
543,9758,10512,129936,7.48,136,364
544,9775,10544,129904,7.51,136,364
545,9791,10520,129928,7.49,136,364
546,9807,10496,129952,7.47,136,364
547,9825,10528,129920,7.50,136,364
548,9842,10504,129944,7.48,136,364
549,9858,10536,129912,7.50,136,364
550,9875,10512,129936,7.48,136,364
551,9892,13928,126520,9.92,178,492
552,9907,10496,129952,7.47,136,364
553,9926,10528,129920,7.50,136,364
554,9942,10504,129944,7.48,136,364
555,9959,10536,129912,7.50,136,364
556,9976,10512,129936,7.48,136,364
557,9992,10544,129904,7.51,136,364
558,10009,10520,129928,7.49,136,364
559,10026,10496,129952,7.47,136,364
560,10043,10528,129920,7.50,136,364
561,10059,10504,129944,7.48,136,364
562,10076,10536,129912,7.50,136,364
563,10093,13896,126552,9.89,178,492
564,10107,10520,129928,7.49,136,364
565,10127,10496,129952,7.47,136,364
566,10143,10528,129920,7.50,136,364
567,10158,10504,129944,7.48,136,364
568,10177,10536,129912,7.50,136,364
569,10193,10512,129936,7.48,136,364
570,10209,10544,129904,7.51,136,364
571,10227,10520,129928,7.49,136,364
572,10243,10496,129952,7.47,136,364
573,10260,10528,129920,7.50,136,364
574,10277,10504,129944,7.48,136,364
575,10295,17504,122944,12.46,230,488
576,10311,9904,130544,7.05,125,377
577,10327,9904,130544,7.05,125,377
578,10344,9904,130544,7.05,125,377
579,10361,9904,130544,7.05,125,377
580,10377,9904,130544,7.05,125,377
581,10394,9904,130544,7.05,125,377
582,10411,9984,130464,7.11,132,393
583,10428,4864,135584,3.46,70,184
584,10500,48464,82864,36.90,623,803
585,10516,28272,112176,20.13,322,556
586,10533,28280,112168,20.14,322,555
587,10550,28280,112168,20.14,322,556
588,10567,28696,111752,20.43,326,576
589,10583,28264,112184,20.12,322,556
590,10600,28272,112176,20.13,322,555
591,10617,28272,112176,20.13,322,556
592,10633,28280,112168,20.14,322,555
593,10650,29344,111104,20.89,335,572
594,10667,28520,111928,20.31,324,526
595,10685,30912,109536,22.01,352,663
596,10701,28640,111808,20.39,325,529
597,10717,28616,111832,20.37,325,530
598,10734,28608,111840,20.37,325,529
599,10751,28640,111808,20.39,325,530
600,10767,28696,111752,20.43,326,532
601,10784,28504,111944,20.30,324,525
602,10801,28504,111944,20.30,324,524
603,10817,28488,111960,20.28,324,525
604,10834,28488,111960,20.28,324,524
605,10851,28528,111920,20.31,324,525
606,10868,28528,111920,20.31,324,524
607,10885,33376,107072,23.76,391,605
608,10901,28376,112072,20.20,323,521
609,10918,28384,112064,20.21,323,522
610,10935,28408,112040,20.23,323,521
611,10951,28416,112032,20.23,323,522
612,10968,28384,112064,20.21,323,521
613,10985,28392,112056,20.22,323,522
614,11002,28416,112032,20.23,323,521
615,11018,28424,112024,20.24,323,522
616,11035,28664,111784,20.41,326,532
617,11052,28480,111968,20.28,324,527
618,11069,28496,111952,20.29,324,526
619,11086,32176,108272,22.91,370,592
620,11102,28640,111808,20.39,325,529
621,11119,28616,111832,20.37,325,530
622,11133,28608,111840,20.37,325,529
623,11153,28640,111808,20.39,325,530
624,11169,28632,111816,20.39,325,529
625,11186,28608,111840,20.37,325,530
626,11202,28600,111848,20.36,325,529
627,11219,28632,111816,20.39,325,530
628,11236,28624,111824,20.38,325,529
629,11253,28600,111848,20.36,325,530
630,11270,28592,111856,20.36,325,529
631,11286,32840,107608,23.38,381,610
632,11303,28576,111872,20.35,325,527
633,11320,28400,112048,20.22,323,522
634,11337,28424,112024,20.24,323,521
635,11353,28376,112072,20.20,323,522
636,11370,28400,112048,20.22,323,521
637,11387,28408,112040,20.23,323,522
638,11404,28376,112072,20.20,323,521
639,11420,28384,112064,20.21,323,522
640,11437,28408,112040,20.23,323,521
641,11454,28416,112032,20.23,323,522
642,11470,28384,112064,20.21,323,521
643,11488,32744,107704,23.31,382,679
644,11504,28504,111944,20.30,324,524
645,11520,28488,111960,20.28,324,525
646,11538,28488,111960,20.28,324,524
647,11554,28528,111920,20.31,324,525
648,11571,28800,111648,20.51,327,538
649,11589,30480,109968,21.70,347,650
650,11605,28616,111832,20.37,325,529
651,11621,28592,111856,20.36,325,530
652,11638,28640,111808,20.39,325,529
653,11655,28616,111832,20.37,325,530
654,11671,28608,111840,20.37,325,529
655,11688,34152,106296,24.32,403,610
656,11705,28520,111928,20.31,324,526
657,11722,28520,111928,20.31,324,527
658,11738,28480,111968,20.28,324,526
659,11755,28480,111968,20.28,324,527
660,11772,28496,111952,20.29,324,526
661,11789,28496,111952,20.29,324,527
662,11805,28512,111936,20.30,324,526
663,11822,28512,111936,20.30,324,527
664,11839,28592,111856,20.36,325,527
665,11856,28416,112032,20.23,323,522
666,11872,28384,112064,20.21,323,521
667,11890,32072,108376,22.84,369,587
668,11906,28488,111960,20.28,324,524
669,11922,28528,111920,20.31,324,525
670,11939,28528,111920,20.31,324,524
671,11956,28512,111936,20.30,324,525
672,11973,28512,111936,20.30,324,524
673,11989,28496,111952,20.29,324,525
674,12006,28496,111952,20.29,324,524
675,12023,28536,111912,20.32,324,525
676,12040,28536,111912,20.32,324,524
677,12057,28520,111928,20.31,324,525
678,12073,28520,111928,20.31,324,524
679,12090,34200,106248,24.35,406,655
680,12108,4728,135720,3.37,70,178
681,12132,43008,88320,32.75,567,818
682,12148,22552,117896,16.06,263,561
683,12165,22576,117872,16.07,263,560
684,12181,22592,117856,16.09,263,561
685,12199,22968,117480,16.35,267,581
686,12215,22552,117896,16.06,263,561
687,12231,22576,117872,16.07,263,560
688,12248,22592,117856,16.09,263,561
689,12265,22560,117888,16.06,263,560
690,12282,23640,116808,16.83,276,577
691,12299,22832,117616,16.26,265,531
692,12316,25184,115264,17.93,293,668
693,12332,22928,117520,16.32,266,534
694,12349,22920,117528,16.32,266,535
695,12365,22928,117520,16.32,266,534
696,12382,22920,117528,16.32,266,535
697,12399,23032,117416,16.40,267,543
698,12416,22840,117608,16.26,265,536
699,12433,22840,117608,16.26,265,535
700,12449,22880,117568,16.29,265,536
701,12466,22880,117568,16.29,265,535
702,12483,22864,117584,16.28,265,536
703,12500,22864,117584,16.28,265,535
704,12516,27712,112736,19.73,332,616
705,12533,22768,117680,16.21,264,532
706,12550,22720,117728,16.18,264,533
707,12567,22744,117704,16.19,264,532
708,12583,22752,117696,16.20,264,533
709,12600,22720,117728,16.18,264,532
710,12617,22728,117720,16.18,264,533
711,12634,22752,117696,16.20,264,532
712,12650,22760,117688,16.21,264,533
713,12667,22960,117488,16.35,267,537
714,12684,22792,117656,16.23,265,532
715,12701,22824,117624,16.25,265,531
716,12718,26464,113984,18.84,311,597
717,12734,22944,117504,16.34,266,534
718,12750,22936,117512,16.33,266,535
719,12772,22944,117504,16.34,266,534
720,12783,22936,117512,16.33,266,535
721,12801,22944,117504,16.34,266,534
722,12818,22936,117512,16.33,266,535
723,12832,22944,117504,16.34,266,534
724,12852,22936,117512,16.33,266,535
725,12868,22944,117504,16.34,266,534
726,12885,22936,117512,16.33,266,535
727,12901,22944,117504,16.34,266,534
728,12918,27152,113296,19.33,322,615
729,12935,22888,117560,16.30,266,538
730,12952,22768,117680,16.21,264,533
731,12968,22736,117712,16.19,264,532
732,12985,22744,117704,16.19,264,533
733,13002,22768,117680,16.21,264,532
734,13019,22720,117728,16.18,264,533
735,13035,22744,117704,16.19,264,532
736,13052,22752,117696,16.20,264,533
737,13069,22720,117728,16.18,264,532
738,13086,22728,117720,16.18,264,533
739,13102,22752,117696,16.20,264,532
740,13120,27112,113336,19.30,323,690
741,13136,22872,117576,16.29,265,535
742,13152,22856,117592,16.27,265,536
743,13169,22856,117592,16.27,265,535
744,13186,22840,117608,16.26,265,536
745,13203,23072,117376,16.43,268,543
746,13220,24768,115680,17.63,288,655
747,13237,22920,117528,16.32,266,534
748,13253,22912,117536,16.31,266,535
749,13270,22920,117528,16.32,266,534
750,13286,22912,117536,16.31,266,535
751,13303,22920,117528,16.32,266,534
752,13320,28424,112024,20.24,344,615
753,13337,22808,117640,16.24,265,531
754,13354,22824,117624,16.25,265,532
755,13370,22800,117648,16.23,265,531
756,13387,22816,117632,16.25,265,532
757,13404,22792,117656,16.23,265,531
758,13421,22808,117640,16.24,265,532
759,13437,22784,117664,16.22,265,531
760,13454,22800,117648,16.23,265,532
761,13471,22936,117512,16.33,266,538
762,13488,22760,117688,16.21,264,533
763,13504,22728,117720,16.18,264,532
764,13522,26416,114032,18.81,310,598
765,13538,22832,117616,16.26,265,535
766,13554,22872,117576,16.29,265,536
767,13571,22872,117576,16.29,265,535
768,13588,22856,117592,16.27,265,536
769,13605,22856,117592,16.27,265,535
770,13621,22840,117608,16.26,265,536
771,13638,22840,117608,16.26,265,535
772,13655,22880,117568,16.29,265,536
773,13672,22880,117568,16.29,265,535
774,13688,22864,117584,16.28,265,536
775,13705,22864,117584,16.28,265,535
776,13722,27712,112736,19.73,332,616
777,13739,23000,117448,16.38,267,537
778,13753,11504,128944,8.19,145,389
779,13774,4728,135720,3.37,70,178
780,13808,25720,105608,19.58,269,494
781,13826,22488,117960,16.01,249,604
782,13843,22488,117960,16.01,249,605
783,13860,22504,117944,16.02,249,604
784,13877,22504,117944,16.02,249,605
785,13893,22520,117928,16.03,249,604
786,13910,22520,117928,16.03,249,605
787,13927,22480,117968,16.01,249,604
788,13945,24872,115576,17.71,277,741
789,13961,22600,117848,16.09,250,607
790,13977,22632,117816,16.11,250,608
791,13994,22624,117824,16.11,250,607
792,14011,22600,117848,16.09,250,608
793,14027,22384,118064,15.94,249,611
794,14044,22408,118040,15.95,249,610
795,14061,22384,118064,15.94,249,609
796,14078,22400,118048,15.95,249,610
797,14094,22376,118072,15.93,249,609
798,14111,22392,118056,15.94,249,610
799,14128,22424,118024,15.97,249,609
800,14145,25936,114512,18.47,296,760
801,14161,22264,118184,15.85,248,606
802,14178,22304,118144,15.88,248,607
803,14195,22304,118144,15.88,248,609
804,14211,22264,118184,15.85,248,610
805,14228,22296,118152,15.87,248,606
806,14245,22280,118168,15.86,248,607
807,14262,22280,118168,15.86,248,606
808,14279,22264,118184,15.85,248,607
809,14295,22264,118184,15.85,248,606
810,14311,22304,118144,15.88,248,607
811,14329,22304,118144,15.88,248,606
812,14346,26616,113832,18.95,305,690
813,14362,22384,118064,15.94,249,609
814,14379,22400,118048,15.95,249,610
815,14396,22376,118072,15.93,249,609
816,14412,22392,118056,15.94,249,610
817,14429,22424,118024,15.97,249,609
818,14446,22384,118064,15.94,249,610
819,14463,22416,118032,15.96,249,609
820,14479,22376,118072,15.93,249,610
821,14496,22408,118040,15.95,249,609
822,14513,22424,118024,15.97,249,610
823,14530,22400,118048,15.95,249,609
824,14546,26632,113816,18.96,305,690
825,14563,22288,118160,15.87,248,606
826,14580,22272,118176,15.86,248,607
827,14597,22272,118176,15.86,248,606
828,14613,22312,118136,15.89,248,607
829,14630,22312,118136,15.89,248,606
830,14647,22296,118152,15.87,248,607
831,14664,22296,118152,15.87,248,606
832,14680,25544,114904,18.19,293,671
833,14697,22280,118168,15.86,248,606
834,14714,22264,118184,15.85,248,607
835,14731,22264,118184,15.85,248,606
836,14748,25256,115192,17.98,283,750
837,14764,21680,118768,15.44,240,611
838,14781,21688,118760,15.44,240,612
839,14797,34832,105616,24.80,384,743
840,14814,21912,118536,15.60,246,639
841,14831,21896,118552,15.59,246,640
842,14848,22192,118256,15.80,248,668
843,14865,21912,118536,15.60,246,638
844,14881,21944,118504,15.62,246,639
845,14898,22216,118232,15.82,248,667
846,14915,21928,118520,15.61,246,639
847,14932,21912,118536,15.60,246,638
848,14948,27648,112800,19.69,323,746
849,14966,21904,118544,15.60,246,638
850,14981,21896,118552,15.59,246,639
851,14999,22184,118264,15.80,248,667
852,15015,21912,118536,15.60,246,639
853,15032,21912,118536,15.60,246,638
854,15049,22192,118256,15.80,248,668
855,15065,21928,118520,15.61,246,638
856,15082,33336,107112,23.74,378,742
857,15099,21152,119296,15.06,243,638
858,15115,21184,119264,15.08,243,639
859,15132,21456,118992,15.28,245,667
860,15150,25288,115160,18.01,296,699
861,15166,21152,119296,15.06,243,638
862,15182,21472,118976,15.29,245,668
863,15202,21192,119256,15.09,243,638
864,15215,21168,119280,15.07,243,639
865,15233,21440,119008,15.27,245,667
866,15249,21152,119296,15.06,243,639
867,15267,21192,119256,15.09,243,638
868,15282,21456,118992,15.28,245,668
869,15300,21176,119272,15.08,243,638
870,15317,21152,119296,15.06,243,639
871,15334,21480,118968,15.29,245,667
872,15350,29472,110976,20.98,365,766
873,15367,21056,119392,14.99,242,635
874,15383,22192,118256,15.80,255,656
875,15401,21312,119136,15.17,244,606
876,15417,21312,119136,15.17,244,607
877,15434,21272,119176,15.15,244,606
878,15451,35904,104544,25.56,400,831
879,15467,21824,118624,15.54,245,635
880,15484,21784,118664,15.51,245,636
881,15501,22096,118352,15.73,247,664
882,15517,21792,118656,15.52,245,636
883,15534,21816,118632,15.53,245,635
884,15552,26376,114072,18.78,303,820
885,15568,25168,115280,17.92,291,702
886,15584,21896,118552,15.59,246,639
887,15601,22184,118264,15.80,248,667
888,15618,21912,118536,15.60,246,639
889,15635,21912,118536,15.60,246,640
890,15651,22224,118224,15.82,248,668
891,15668,21904,118544,15.60,246,638
892,15685,21896,118552,15.59,246,639
893,15702,22184,118264,15.80,248,667
894,15718,21912,118536,15.60,246,639
895,15735,21912,118536,15.60,246,638
896,15752,25984,114464,18.50,295,795
897,15769,22048,118400,15.70,247,606
898,15785,22064,118384,15.71,247,607
899,15802,22040,118408,15.69,247,609
900,15819,22032,118416,15.69,247,610
901,15835,22040,118408,15.69,247,606
902,15852,22056,118392,15.70,247,607
903,15869,22032,118416,15.69,247,606
904,15886,22048,118400,15.70,247,607
905,15902,35192,105256,25.06,385,738
906,15919,22056,118392,15.70,246,636
907,15936,22048,118400,15.70,246,635
908,15954,27200,113248,19.37,313,746
909,15970,22160,118288,15.78,247,638
910,15986,22176,118272,15.79,247,639
911,16003,22432,118016,15.97,249,667
912,16020,22184,118264,15.80,247,639
913,16036,22152,118296,15.77,247,638
914,16053,22456,117992,15.99,249,668
915,16070,22160,118288,15.78,247,638
916,16087,22176,118272,15.79,247,639
917,16103,22432,118016,15.97,249,667
918,16120,22184,118264,15.80,247,639
919,16137,22152,118296,15.77,247,638
920,16154,40272,100176,28.67,459,822
921,16170,21784,118664,15.51,245,635
922,16186,21800,118648,15.52,245,636
923,16204,22112,118336,15.74,247,664
924,16221,21808,118640,15.53,245,636
925,16237,21832,118616,15.54,245,635
926,16254,22080,118368,15.72,247,665
927,16271,21784,118664,15.51,245,635
928,16288,33216,107232,23.65,377,739
929,16304,21056,119392,14.99,242,635
930,16321,21056,119392,14.99,242,636
931,16338,21352,119096,15.20,244,664
932,16356,24128,116320,17.18,281,790
933,16372,21168,119280,15.07,243,638
934,16388,21488,118960,15.30,245,668
935,16405,21152,119296,15.06,243,638
936,16422,21184,119264,15.08,243,639
937,16438,21456,118992,15.28,245,669
938,16456,25656,114792,18.27,301,795
939,16472,21192,119256,15.09,243,638
940,16488,21456,118992,15.28,245,668
941,16505,21176,119272,15.08,243,638
942,16522,21152,119296,15.06,243,639
943,16539,21480,118968,15.29,245,667
944,16555,25960,114488,18.48,307,717
945,16572,21088,119360,15.01,242,635
946,16589,22224,118224,15.82,255,656
947,16606,21288,119160,15.16,244,606
948,16622,21288,119160,15.16,244,607
949,16639,21304,119144,15.17,244,606
950,16656,21304,119144,15.17,244,607
951,16673,21320,119128,15.18,244,606
952,16689,21320,119128,15.18,244,607
953,16706,21280,119168,15.15,244,606
954,16723,21280,119168,15.15,244,607
955,16740,21296,119152,15.16,244,606
956,16757,23688,116760,16.87,272,743
957,16773,21416,119032,15.25,245,609
958,16790,21392,119056,15.23,245,610
959,16807,21384,119064,15.23,245,609
960,16823,21416,119032,15.25,245,610
961,16840,21408,119040,15.24,245,611
962,16857,21392,119056,15.23,245,610
963,16874,21384,119064,15.23,245,609
964,16888,21416,119032,15.25,245,610
965,16908,21408,119040,15.24,245,609
966,16924,21384,119064,15.23,245,610
967,16941,21432,119016,15.26,245,609
968,16957,26272,114176,18.71,312,690
969,16974,21320,119128,15.18,244,606
970,16991,21320,119128,15.18,244,607
971,17008,21280,119168,15.15,244,606
972,17024,21280,119168,15.15,244,607
973,17041,21296,119152,15.16,244,606
974,17058,21296,119152,15.16,244,607
975,17074,21312,119136,15.17,244,606
976,17091,33152,107296,23.60,377,734
977,17108,21080,119368,15.01,242,637
978,17125,22072,118376,15.72,254,649
979,17141,21336,119112,15.19,244,608
980,17159,23704,116744,16.88,272,745
981,17175,21464,118984,15.28,245,611
982,17192,21416,119032,15.25,245,612
983,17209,21440,119008,15.27,245,611
984,17225,21448,119000,15.27,245,612
985,17242,21416,119032,15.25,245,613
986,17259,21432,119016,15.26,245,612
987,17276,21456,118992,15.28,245,611
988,17292,21464,118984,15.28,245,612
989,17309,21432,119016,15.26,245,611
990,17326,21440,119008,15.27,245,612
991,17342,24728,115720,17.61,290,675
992,17359,24984,115464,17.79,290,674
993,17375,21312,119136,15.17,244,608
994,17393,21344,119104,15.20,244,609
995,17409,21336,119112,15.19,244,608
996,17426,21312,119136,15.17,244,609
997,17443,21304,119144,15.17,244,608
998,17459,21336,119112,15.19,244,609
999,17476,33248,107200,23.67,378,740
1000,17493,21112,119336,15.03,242,638
1001,17510,22056,118392,15.70,254,648
1002,17526,21304,119144,15.17,244,609
1003,17543,21352,119096,15.20,244,608
1004,17561,23720,116728,16.89,272,745
1005,17577,21424,119024,15.25,245,611
1006,17594,21432,119016,15.26,245,612
1007,17610,21456,118992,15.28,245,611
1008,17627,33384,107064,23.77,379,744
1009,17644,21232,119216,15.12,243,642
1010,17660,22176,118272,15.79,255,652
1011,17677,21416,119032,15.25,245,611
1012,17694,21424,119024,15.25,245,612
1013,17711,21448,119000,15.27,245,611
1014,17727,21456,118992,15.28,245,612
1015,17744,21424,119024,15.25,245,611
1016,17761,25000,115448,17.80,290,674
1017,17778,38552,101896,27.45,415,676
1018,17794,38552,101896,27.45,415,677
1019,17811,38568,101880,27.46,415,676
1020,17828,38568,101880,27.46,415,677
1021,17845,38528,101920,27.43,415,676
1022,17861,38528,101920,27.43,415,677
1023,17878,38544,101904,27.44,415,676
1024,17895,38544,101904,27.44,415,677
1025,17912,38560,101888,27.46,415,676
1026,17928,38560,101888,27.46,415,677
1027,17945,38576,101872,27.47,415,676
1028,17963,40968,99480,29.17,443,813
1029,17979,21384,119064,15.23,245,609
1030,17995,21416,119032,15.25,245,610
1031,18012,21408,119040,15.24,245,609
1032,18029,21384,119064,15.23,245,610
1033,18046,21432,119016,15.26,245,611
1034,18062,21416,119032,15.25,245,610
1035,18079,24944,115504,17.76,291,678
1036,18095,21680,118768,15.44,244,610
1037,18113,21688,118760,15.44,244,609
1038,18129,24952,115496,17.77,291,679
1039,18146,21648,118800,15.41,244,609
1040,18164,25056,115392,17.84,285,676
1041,18180,23416,117032,16.67,273,642
1042,18196,20144,120304,14.34,226,573
1043,18213,20184,120264,14.37,226,573
1044,18230,23440,117008,16.69,273,642
1045,18247,20168,120280,14.36,226,573
1046,18263,20152,120296,14.35,226,573
1047,18280,23464,116984,16.71,273,642
1048,18297,20192,120256,14.38,226,573
1049,18313,20176,120272,14.37,226,573
1050,18330,23432,117016,16.68,273,642
1051,18347,20160,120288,14.35,226,573
1052,18365,22424,118024,15.97,253,682
1053,18381,23416,117032,16.67,273,642
1054,18397,20144,120304,14.34,226,573
1055,18414,20184,120264,14.37,226,573
1056,18431,23440,117008,16.69,273,642
1057,18447,20168,120280,14.36,226,573
1058,18464,20152,120296,14.35,226,573
1059,18481,23464,116984,16.71,273,642
1060,18498,20192,120256,14.38,226,573
1061,18514,20176,120272,14.37,226,573
1062,18531,23432,117016,16.68,273,642
1063,18548,20160,120288,14.35,226,573
1064,18565,29272,111176,20.84,356,743
1065,18581,24080,116368,17.15,281,674
1066,18598,20784,119664,14.80,234,606
1067,18614,20808,119640,14.82,234,605
1068,18631,24040,116408,17.12,281,675
1069,18648,20808,119640,14.82,234,605
1070,18664,20768,119680,14.79,234,606
1071,18682,35192,105256,25.06,406,756
1072,18698,26368,114080,18.77,312,670
1073,18715,24328,116120,17.32,276,682
1074,18732,31504,108944,22.43,331,712
1075,18748,21648,118800,15.41,241,639
1076,18765,27488,112960,19.57,321,724
1077,18782,22408,118040,15.95,250,642
1078,18799,22424,118024,15.97,250,643
1079,18816,22456,117992,15.99,250,642
1080,18832,22416,118032,15.96,250,643
1081,18849,22448,118000,15.98,250,642
1082,18866,22408,118040,15.95,250,643
1083,18883,22440,118008,15.98,250,642
1084,18899,22456,117992,15.99,250,643
1085,18916,22432,118016,15.97,250,642
1086,18933,22448,118000,15.98,250,643
1087,18950,22424,118024,15.97,250,642
1088,18966,24800,115648,17.66,279,771
1089,18983,22208,118240,15.81,246,642
1090,19000,22640,117808,16.12,253,655
1091,19016,21936,118512,15.62,243,615
1092,19033,21944,118504,15.62,243,616
1093,19050,21912,118536,15.60,243,617
1094,19067,21784,118664,15.51,243,609
1095,19083,21776,118672,15.50,243,608
1096,19100,21808,118640,15.53,243,609
1097,19117,21800,118648,15.52,243,608
1098,19133,21776,118672,15.50,243,609
1099,19150,21768,118680,15.50,243,608
1100,19168,27024,113424,19.24,315,690
1101,19184,22144,118304,15.77,248,609
1102,19201,22136,118312,15.76,248,610
1103,19218,22144,118304,15.77,248,609
1104,19232,22136,118312,15.76,248,610
1105,19252,22144,118304,15.77,248,609
1106,19268,22136,118312,15.76,248,610
1107,19285,22144,118304,15.77,248,609
1108,19301,22136,118312,15.76,248,610
1109,19318,22144,118304,15.77,248,609
1110,19335,22136,118312,15.76,248,610
1111,19352,22144,118304,15.77,248,609
1112,19368,26248,114200,18.69,302,694
1113,19385,21800,118648,15.52,243,608
1114,19402,21776,118672,15.50,243,609
1115,19419,21768,118680,15.50,243,608
1116,19435,21800,118648,15.52,243,609
1117,19452,21792,118656,15.52,243,608
1118,19469,21768,118680,15.50,243,609
1119,19485,34520,105928,24.58,379,740
1120,19502,21544,118904,15.34,241,636
1121,19519,21584,118864,15.37,241,635
1122,19536,21848,118600,15.56,243,665
1123,19552,21568,118880,15.36,241,635
1124,19570,26696,113752,19.01,312,791
1125,19586,22208,118240,15.81,248,667
1126,19603,25200,115248,17.94,291,703
1127,19619,21936,118512,15.62,246,638
1128,19636,22216,118232,15.82,248,668
1129,19653,21896,118552,15.59,246,640
1130,19671,24328,116120,17.32,276,757
1131,19687,22224,118224,15.82,248,667
1132,19703,21896,118552,15.59,246,639
1133,19720,21896,118552,15.59,246,638
1134,19737,22232,118216,15.83,248,668
1135,19753,21912,118536,15.60,246,638
1136,19770,27968,112480,19.91,332,717
1137,19787,22944,117504,16.34,258,655
1138,19804,22064,118384,15.71,247,607
1139,19820,22040,118408,15.69,247,606
1140,19837,34640,105808,24.66,383,734
1141,19854,21856,118592,15.56,245,637
1142,19871,22808,117640,16.24,257,649
1143,19887,22088,118360,15.73,247,608
1144,19904,22080,118368,15.72,247,609
1145,19921,22088,118360,15.73,247,608
1146,19938,22080,118368,15.72,247,609
1147,19954,22088,118360,15.73,247,608
1148,19972,25760,114688,18.34,293,674
1149,19988,22128,118320,15.76,248,609
1150,20004,22176,118272,15.79,248,610
1151,20021,22128,118320,15.76,248,609
1152,20038,22176,118272,15.79,248,610
1153,20055,22128,118320,15.76,248,609
1154,20071,22176,118272,15.79,248,610
1155,20088,22128,118320,15.76,248,609
1156,20105,22176,118272,15.79,248,610
1157,20122,22128,118320,15.76,248,609
1158,20138,22176,118272,15.79,248,610
1159,20155,22128,118320,15.76,248,609
1160,20172,27040,113408,19.25,315,690
1161,20189,22048,118400,15.70,247,606
1162,20205,22064,118384,15.71,247,607
1163,20222,22040,118408,15.69,247,606
1164,20239,22056,118392,15.70,247,607
1165,20256,22032,118416,15.69,247,606
1166,20272,22048,118400,15.70,247,607
1167,20289,25728,114720,18.32,294,681
1168,20306,22328,118120,15.90,246,607
1169,20323,22320,118128,15.89,246,606
1170,20339,25568,114880,18.20,293,676
1171,20356,22304,118144,15.88,246,606
1172,20374,24672,115776,17.57,274,743
1173,20390,25704,114744,18.30,294,678
1174,20406,22400,118048,15.95,247,610
1175,20423,22424,118024,15.97,247,609
1176,20440,25704,114744,18.30,294,679
1177,20456,22416,118032,15.96,247,611
1178,20473,22432,118016,15.97,247,610
1179,20490,25672,114776,18.28,294,678
1180,20507,22424,118024,15.97,247,610
1181,20523,22392,118056,15.94,247,609
1182,20540,25672,114776,18.28,294,679
1183,20557,22440,118008,15.98,247,609
1184,20574,24568,115880,17.49,272,737
1185,20590,25352,115096,18.05,289,677
1186,20607,22032,118416,15.69,242,609
1187,20624,22040,118408,15.69,242,610
1188,20639,25312,115136,18.02,289,680
1189,20658,22072,118376,15.72,242,608
1190,20674,22064,118384,15.71,242,609
1191,20691,25344,115104,18.05,289,677
1192,20708,22080,118368,15.72,242,609
1193,20724,22032,118416,15.69,242,608
1194,20741,25352,115096,18.05,289,678
1195,20758,22048,118400,15.70,242,608
1196,20775,27264,113184,19.41,314,690
1197,20791,25672,114776,18.28,294,678
1198,20808,22424,118024,15.97,247,610
1199,20825,22392,118056,15.94,247,609
1200,20842,25672,114776,18.28,294,679
1201,20858,22440,118008,15.98,247,609
1202,20875,22392,118056,15.94,247,610
1203,20892,25688,114760,18.29,294,678
1204,20908,22440,118008,15.98,247,610
1205,20925,22408,118040,15.95,247,609
1206,20942,25688,114760,18.29,294,679
1207,20959,22400,118048,15.95,247,609
1208,20976,26624,113824,18.96,303,690
1209,20992,37512,102936,26.71,421,757
1210,21009,27864,112584,19.84,324,673
1211,21025,25880,114568,18.43,288,685
1212,21042,32520,107928,23.15,341,715
1213,21059,22680,117768,16.15,251,642
1214,21076,22664,117784,16.14,251,643
1215,21093,22664,117784,16.14,251,642
1216,21109,22704,117744,16.17,251,643
1217,21126,22704,117744,16.17,251,642
1218,21143,22688,117760,16.15,251,643
1219,21159,22688,117760,16.15,251,642
1220,21176,26304,114144,18.73,302,791
1221,21193,22544,117904,16.05,251,635
1222,21210,22552,117896,16.06,251,636
1223,21226,22520,117928,16.03,251,635
1224,21243,22528,117920,16.04,251,636
1225,21260,22552,117896,16.06,251,638
1226,21277,23200,117248,16.52,260,746
1227,21293,22552,117896,16.06,251,635
1228,21310,23128,117320,16.47,259,649
1229,21327,22376,118072,15.93,249,609
1230,21344,22392,118056,15.94,249,610
1231,21360,22424,118024,15.97,249,609
1232,21378,27248,113200,19.40,316,690
1233,21394,22392,118056,15.94,249,609
1234,21411,22408,118040,15.95,249,610
1235,21428,22384,118064,15.94,249,609
1236,21444,22400,118048,15.95,249,610
1237,21461,35328,105120,25.15,386,743
1238,21478,22168,118280,15.78,247,639
1239,21494,22192,118256,15.80,247,638
1240,21511,22440,118008,15.98,249,668
1241,21528,22144,118304,15.77,247,638
1242,21545,22160,118288,15.78,247,639
1243,21562,22472,117976,16.00,249,667
1244,21579,26184,114264,18.64,298,703
1245,21595,21896,118552,15.59,243,638
1246,21611,22216,118232,15.82,245,668
1247,21628,21936,118512,15.62,243,638
1248,21645,21912,118536,15.60,243,639
1249,21662,22184,118264,15.80,245,667
1250,21679,21896,118552,15.59,243,639
1251,21696,21936,118512,15.62,243,638
1252,21712,22200,118248,15.81,245,668
1253,21729,21920,118528,15.61,243,638
1254,21746,21896,118552,15.59,243,639
1255,21762,23072,117376,16.43,256,660
1256,21779,29480,110968,20.99,352,739
1257,21796,22272,118176,15.86,248,606
1258,21813,22312,118136,15.89,248,607
1259,21829,22312,118136,15.89,248,606
1260,21846,22296,118152,15.87,248,607
1261,21863,22296,118152,15.87,248,606
1262,21880,25984,114464,18.50,295,682
1263,21896,22568,117880,16.07,247,606
1264,21913,22568,117880,16.07,247,607
1265,21930,25800,114648,18.37,294,675
1266,21947,22544,117904,16.05,247,607
1267,21963,22560,117888,16.06,247,606
1268,21981,38736,101712,27.58,430,871
1269,21997,22200,118248,15.81,247,640
1270,22013,26416,114032,18.81,304,716
1271,22030,22432,118016,15.97,249,611
1272,22047,22424,118024,15.97,249,612
1273,22064,22432,118016,15.97,249,614
1274,22080,22456,117992,15.99,249,612
1275,22097,22408,118040,15.95,249,611
1276,22113,22424,118024,15.97,249,610
1277,22131,22400,118048,15.95,249,609
1278,22147,22416,118032,15.96,249,610
1279,22164,22392,118056,15.94,249,609
1280,22181,26520,113928,18.88,303,694
1281,22198,22040,118408,15.69,244,608
1282,22214,22040,118408,15.69,244,609
1283,22231,22056,118392,15.70,244,608
1284,22248,22056,118392,15.70,244,609
1285,22265,22016,118432,15.68,244,608
1286,22281,22016,118432,15.68,244,609
1287,22298,22032,118416,15.69,244,608
1288,22315,22032,118416,15.69,244,609
1289,22332,22048,118400,15.70,244,608
1290,22348,22048,118400,15.70,244,609
1291,22365,22064,118384,15.71,244,608
1292,22383,39288,101160,27.97,439,792
1293,22399,22128,118320,15.76,247,635
1294,22415,23048,117400,16.41,259,647
1295,22432,22352,118096,15.91,249,606
1296,22449,22368,118080,15.93,249,607
1297,22466,22344,118104,15.91,249,606
1298,22482,22360,118088,15.92,249,607
1299,22499,22336,118112,15.90,249,606
1300,22516,22352,118096,15.91,249,607
1301,22533,22328,118120,15.90,249,606
1302,22549,22344,118104,15.91,249,607
1303,22566,22376,118072,15.93,249,609
1304,22583,26504,113944,18.87,303,694
1305,22600,22024,118424,15.68,244,608
1306,22616,22024,118424,15.68,244,609
1307,22633,22040,118408,15.69,244,608
1308,22650,22040,118408,15.69,244,609
1309,22667,22056,118392,15.70,244,608
1310,22683,25592,114856,18.22,290,678
1311,22700,22312,118136,15.89,243,608
1312,22717,22328,118120,15.90,243,609
1313,22733,25576,114872,18.21,290,677
1314,22750,22280,118168,15.86,243,609
1315,22767,22312,118136,15.89,243,608
1316,22785,29552,110896,21.04,342,833
1317,22801,22672,117776,16.14,248,609
1318,22817,22648,117800,16.13,248,610
1319,22834,25912,114536,18.45,295,678
1320,22850,22688,117760,16.15,248,610
1321,22867,22680,117768,16.15,248,612
1322,22885,27152,113296,19.33,308,771
1323,22901,22648,117800,16.13,248,609
1324,22918,22680,117768,16.15,248,610
1325,22934,25944,114504,18.47,295,678
1326,22951,22664,117784,16.14,248,610
1327,22968,22656,117792,16.13,248,609
1328,22985,30072,110376,21.41,349,763
1329,23001,22296,118152,15.87,243,608
1330,23018,22312,118136,15.89,243,609
1331,23035,25560,114888,18.20,290,677
1332,23052,22320,118128,15.89,243,609
1333,23068,22296,118152,15.87,243,608
1334,23085,25584,114864,18.22,290,678
1335,23102,22304,118144,15.88,243,608
1336,23119,22320,118128,15.89,243,609
1337,23135,25568,114880,18.20,290,677
1338,23152,22328,118120,15.90,243,609
1339,23167,22304,118144,15.88,243,608
1340,23187,28896,111552,20.57,331,815
1341,23203,22640,117808,16.12,248,609
1342,23219,22672,117776,16.14,248,610
1343,23236,25936,114512,18.47,295,678
1344,23252,22656,117792,16.13,248,610
1345,23269,22648,117800,16.13,248,612
1346,23286,38808,101640,27.63,434,761
1347,23303,28128,112320,20.03,325,672
1348,23319,26104,114344,18.59,289,686
1349,23337,31792,108656,22.64,338,714
1350,23352,22656,117792,16.13,251,643
1351,23370,22656,117792,16.13,251,642
1352,23386,27744,112704,19.75,322,724
1353,23403,22688,117760,16.15,251,642
1354,23420,22672,117776,16.14,251,643
1355,23437,22528,117920,16.04,251,635
1356,23453,22536,117912,16.05,251,636
1357,23470,22560,117888,16.06,251,635
1358,23487,23176,117272,16.50,260,746
1359,23504,22528,117920,16.04,251,635
1360,23520,22536,117912,16.05,251,636
1361,23537,22560,117888,16.06,251,635
1362,23553,22512,117936,16.03,251,636
1363,23570,22536,117912,16.05,251,635
1364,23587,25672,114776,18.28,291,773
1365,23604,23104,117344,16.45,259,648
1366,23621,22392,118056,15.94,249,610
1367,23637,22424,118024,15.97,249,609
1368,23654,22384,118064,15.94,249,610
1369,23671,22416,118032,15.96,249,612
1370,23688,22968,117480,16.35,256,714
1371,23704,21656,118792,15.42,240,611
1372,23721,21664,118784,15.42,240,612
1373,23738,21680,118768,15.44,240,611
1374,23755,21688,118760,15.44,240,612
1375,23771,21648,118800,15.41,240,611
1376,23787,26600,113848,18.94,305,690
1377,23805,22312,118136,15.89,248,606
1378,23822,22296,118152,15.87,248,607
1379,23839,22296,118152,15.87,248,606
1380,23855,34736,105712,24.73,383,741
1381,23872,21808,118640,15.53,245,635
1382,23889,21824,118624,15.54,245,636
1383,23905,22080,118368,15.72,247,664
1384,23922,21832,118616,15.54,245,636
1385,23939,21800,118648,15.52,245,635
1386,23956,22104,118344,15.74,247,665
1387,23973,21808,118640,15.53,245,635
1388,23990,24216,116232,17.24,273,772
1389,24006,22184,118264,15.80,248,667
1390,24023,21912,118536,15.60,246,639
1391,24039,21912,118536,15.60,246,638
1392,24056,22192,118256,15.80,248,668
1393,24073,21928,118520,15.61,246,640
1394,24090,21896,118552,15.59,246,639
1395,24106,22184,118264,15.80,248,667
1396,24122,21912,118536,15.60,246,639
1397,24140,21912,118536,15.60,246,638
1398,24157,23040,117408,16.40,259,659
1399,24173,22152,118296,15.77,248,609
1400,24190,26360,114088,18.77,304,690
1401,24207,25312,115136,18.02,292,670
1402,24224,22064,118384,15.71,247,607
1403,24240,22040,118408,15.69,247,606
1404,24257,22056,118392,15.70,247,607
1405,24274,22032,118416,15.69,247,606
1406,24291,22048,118400,15.70,247,607
1407,24307,22024,118424,15.68,247,606
1408,24324,22040,118408,15.69,247,607
1409,24341,22016,118432,15.68,247,606
1410,24358,33216,107232,23.65,377,739
1411,24374,21056,119392,14.99,242,635
1412,24392,22360,118088,15.92,256,731
1413,24408,21448,119000,15.27,245,667
1414,24424,21160,119288,15.07,243,639
1415,24441,21200,119248,15.09,243,638
1416,24458,21464,118984,15.28,245,668
1417,24475,21184,119264,15.08,243,640
1418,24491,21192,119256,15.09,243,639
1419,24508,21464,118984,15.28,245,667
1420,24525,21176,119272,15.08,243,639
1421,24542,21160,119288,15.07,243,638
1422,24558,21480,118968,15.29,245,668
1423,24575,21200,119248,15.09,243,638
1424,24593,24984,115464,17.79,290,693
1425,24609,20448,120000,14.56,232,629
1426,24625,20160,120288,14.35,230,600
1427,24642,20136,120312,14.34,230,600
1428,24659,20576,119872,14.65,234,622
1429,24676,19664,120784,14.00,223,573
1430,24692,19648,120800,13.99,223,573
1431,24709,19632,120816,13.98,223,573
1432,24726,19672,120776,14.01,223,573
1433,24743,19656,120792,14.00,223,573
1434,24759,19640,120808,13.98,223,573
1435,24776,19680,120768,14.01,223,573
1436,24794,20856,119592,14.85,236,641
1437,24810,19656,120792,14.00,223,573
1438,24826,19640,120808,13.98,223,573
1439,24843,19680,120768,14.01,223,573
1440,24860,32144,108304,22.89,365,693
1441,24876,20120,120328,14.33,230,597
1442,24891,20328,120120,14.47,233,610
1443,24910,19584,120864,13.94,223,570
1444,24926,19624,120824,13.97,223,570
1445,24941,19608,120840,13.96,223,570
1446,24957,19592,120856,13.95,223,570
1447,24977,19576,120872,13.94,223,570
1448,24993,38832,101616,27.65,523,785
1449,25010,21272,119176,15.15,244,606
1450,25026,21272,119176,15.15,244,607
1451,25043,21288,119160,15.16,244,606
1452,25060,21288,119160,15.16,244,607
1453,25076,21304,119144,15.17,244,606
1454,25094,24568,115880,17.49,289,671
1455,25111,21320,119128,15.18,244,606
1456,25127,21320,119128,15.18,244,607
1457,25144,33032,107416,23.52,377,728
1458,25159,21032,119416,14.97,242,633
1459,25179,21944,118504,15.62,254,643
1460,25195,23608,116840,16.81,272,740
1461,25212,21336,119112,15.19,245,606
1462,25227,21368,119080,15.21,245,607
1463,25244,21360,119088,15.21,245,606
1464,25261,21392,119056,15.23,245,610
1465,25277,21384,119064,15.23,245,611
1466,25295,21424,119024,15.25,245,610
1467,25311,21416,119032,15.25,245,609
1468,25327,21392,119056,15.23,245,610
1469,25346,21384,119064,15.23,245,609
1470,25362,21416,119032,15.25,245,610
1471,25379,21408,119040,15.24,245,609
1472,25396,26248,114200,18.69,312,690
1473,25412,33048,107400,23.53,377,728
1474,25429,20992,119456,14.95,242,633
1475,25446,21960,118488,15.64,254,643
1476,25463,21232,119216,15.12,244,604
1477,25479,21248,119200,15.13,244,603
1478,25496,21248,119200,15.13,244,604
1479,25513,21264,119184,15.14,244,603
1480,25530,21320,119128,15.18,244,607
1481,25546,21280,119168,15.15,244,606
1482,25563,21280,119168,15.15,244,607
1483,25580,21296,119152,15.16,244,606
1484,25598,24976,115472,17.78,290,672
1485,25613,21384,119064,15.23,245,609
1486,25630,21416,119032,15.25,245,610
1487,25647,21408,119040,15.24,245,609
1488,25663,21384,119064,15.23,245,610
1489,25680,21432,119016,15.26,245,609
1490,25697,21408,119040,15.24,245,610
1491,25714,21400,119048,15.24,245,609
1492,25730,21432,119016,15.26,245,610
1493,25747,21424,119024,15.25,245,609
1494,25764,21400,119048,15.24,245,610
1495,25781,21392,119056,15.23,245,609
1496,25797,25640,114808,18.26,301,690
1497,25814,21312,119136,15.17,244,606
1498,25831,21312,119136,15.17,244,607
1499,25848,21272,119176,15.15,244,606
1500,25864,21272,119176,15.15,244,607
1501,25881,21288,119160,15.16,244,606
1502,25898,21288,119160,15.16,244,607
1503,25915,21304,119144,15.17,244,606
1504,25931,21304,119144,15.17,244,607
1505,25948,21320,119128,15.18,244,606
1506,25965,21320,119128,15.18,244,607
1507,25982,24544,115904,17.48,289,670
1508,25999,25632,114816,18.25,303,764
1509,26015,21384,119064,15.23,245,609
1510,26032,25120,115328,17.89,292,685
1511,26049,21696,118752,15.45,244,609
1512,26065,21688,118760,15.44,244,610
1513,26082,24968,115480,17.78,291,681
1514,26100,23536,116912,16.76,266,730
1515,26116,21688,118760,15.44,244,609
1516,26132,24952,115496,17.77,291,679
1517,26148,21648,118800,15.41,244,609
1518,26166,21696,118752,15.45,244,610
1519,26182,24920,115528,17.74,291,678
1520,26199,27168,113280,19.34,322,690
1521,26216,21552,118896,15.35,243,606
1522,26233,24840,115608,17.69,290,676
1523,26250,21560,118888,15.35,243,606
1524,26266,21576,118872,15.36,243,607
1525,26283,24824,115624,17.67,290,675
1526,26300,21584,118864,15.37,243,607
1527,26317,21560,118888,15.35,243,606
1528,26333,24848,115600,17.69,290,676
1529,26350,21568,118880,15.36,243,606
1530,26367,21584,118864,15.37,243,607
1531,26383,24832,115616,17.68,290,675
1532,26401,25216,115232,17.95,289,672
1533,26417,21696,118752,15.45,244,609
1534,26434,24960,115488,17.77,291,679
1535,26450,21656,118792,15.42,244,609
1536,26467,21648,118800,15.41,244,610
1537,26484,24928,115520,17.75,291,678
1538,26501,21664,118784,15.42,244,610
1539,26517,21672,118776,15.43,244,609
1540,26534,24936,115512,17.75,291,679
1541,26551,21688,118760,15.44,244,609
1542,26568,21680,118768,15.44,244,610
1543,26584,24960,115488,17.77,291,678
1544,26601,26560,113888,18.91,311,690
1545,26618,21568,118880,15.36,243,606
1546,26635,24856,115592,17.70,290,676
1547,26651,21576,118872,15.36,243,606
1548,26668,21536,118912,15.33,243,607
1549,26685,35904,104544,25.56,415,757
1550,26701,27144,113304,19.33,321,673
1551,26718,25136,115312,17.90,285,685
1552,26735,31512,108936,22.44,337,715
1553,26752,21952,118496,15.63,248,642
1554,26768,21920,118528,15.61,248,643
1555,26785,21960,118488,15.64,248,642
1556,26802,24392,116056,17.37,279,777
1557,26819,21944,118504,15.62,248,642
1558,26835,21768,118680,15.50,248,636
1559,26852,21776,118672,15.50,248,635
1560,26869,21768,118680,15.50,248,636
1561,26886,21776,118672,15.50,248,637
1562,26902,21776,118672,15.50,248,636
1563,26919,21784,118664,15.51,248,635
1564,26936,21776,118672,15.50,248,636
1565,26952,21784,118664,15.51,248,635
1566,26969,21776,118672,15.50,248,636
1567,26986,21784,118664,15.51,248,635
1568,27003,25896,114552,18.44,303,799
1569,27020,21536,118912,15.33,245,606
1570,27036,21560,118888,15.35,245,607
1571,27053,21544,118904,15.34,245,609
1572,27070,21544,118904,15.34,245,610
1573,27086,21560,118888,15.35,245,606
1574,27103,21528,118920,15.33,245,607
1575,27120,21568,118880,15.36,245,606
1576,27137,21536,118912,15.33,245,607
1577,27152,21520,118928,15.32,245,606
1578,27170,21544,118904,15.34,245,607
1579,27187,34728,105720,24.73,383,740
1580,27205,26672,113776,18.99,310,717
1581,27221,21928,118520,15.61,246,638
1582,27237,22208,118240,15.81,248,668
1583,27254,21944,118504,15.62,246,638
1584,27271,21936,118512,15.62,246,639
1585,27287,22224,118224,15.82,248,667
1586,27304,21896,118552,15.59,246,639
1587,27321,21896,118552,15.59,246,638
1588,27338,22232,118216,15.83,248,668
1589,27355,21912,118536,15.60,246,638
1590,27371,21904,118544,15.60,246,639
1591,27388,22192,118256,15.80,248,667
1592,27405,26688,113760,19.00,310,717
1593,27421,21832,118616,15.54,245,635
1594,27438,34520,105928,24.58,383,729
1595,27455,21760,118688,15.49,245,632
1596,27472,22736,117712,16.19,257,644
1597,27488,21984,118464,15.65,247,603
1598,27505,22000,118448,15.66,247,604
1599,27522,21976,118472,15.65,247,603
1600,27539,21992,118456,15.66,247,604
1601,27555,21968,118480,15.64,247,603
1602,27572,21984,118464,15.65,247,604
1603,27589,21960,118488,15.64,247,603
1604,27606,28192,112256,20.07,327,811
1605,27623,21384,119064,15.23,239,608
1606,27639,21368,119080,15.21,239,609
1607,27656,21360,119088,15.21,239,608
1608,27672,21344,119104,15.20,239,609
1609,27689,21392,119056,15.23,239,610
1610,27706,21408,119040,15.24,239,612
1611,27723,21400,119048,15.24,239,611
1612,27740,21440,119008,15.27,239,612
1613,27756,21432,119016,15.26,239,611
1614,27775,21416,119032,15.25,239,612
1615,27789,21408,119040,15.24,239,611
1616,27808,27040,113408,19.25,315,690
1617,27823,22160,118288,15.78,248,609
1618,27840,22152,118296,15.77,248,610
1619,27857,22160,118288,15.78,248,609
1620,27874,34736,105712,24.73,384,737
1621,27890,21928,118520,15.61,246,640
1622,27907,22912,117536,16.31,258,652
1623,27924,22168,118280,15.78,248,611
1624,27941,22192,118256,15.80,248,612
1625,27957,22176,118272,15.79,248,611
1626,27974,22200,118248,15.81,248,612
1627,27991,22184,118264,15.80,248,611
1628,28008,25776,114672,18.35,293,674
1629,28025,22176,118272,15.79,248,611
1630,28041,22200,118248,15.81,248,612
1631,28058,22184,118264,15.80,248,611
1632,28074,22208,118240,15.81,248,612
1633,28091,22192,118256,15.80,248,611
1634,28108,22160,118288,15.78,248,612
1635,28125,22200,118248,15.81,248,611
1636,28141,22168,118280,15.78,248,612
1637,28158,22208,118240,15.81,248,611
1638,28173,22176,118272,15.79,248,612
1639,28192,22160,118288,15.78,248,611
1640,28208,29912,110536,21.30,362,741
1641,28225,22088,118360,15.73,247,608
1642,28242,22080,118368,15.72,247,609
1643,28259,34752,105696,24.74,384,740
1644,28275,21848,118600,15.56,245,638
1645,28292,22808,117640,16.24,257,648
1646,28306,22736,117712,16.19,256,719
1647,28326,22072,118376,15.72,247,608
1648,28342,22064,118384,15.71,247,609
1649,28359,22072,118376,15.72,247,608
1650,28376,22064,118384,15.71,247,609
1651,28393,22072,118376,15.72,247,608
1652,28410,38984,101464,27.76,440,896
1653,28427,21968,118480,15.64,246,640
1654,28443,22896,117552,16.30,258,652
1655,28460,22208,118240,15.81,248,611
1656,28476,22176,118272,15.79,248,612
1657,28493,25424,115024,18.10,293,678
1658,28510,22160,118288,15.78,248,612
1659,28527,22200,118248,15.81,248,611
1660,28543,22168,118280,15.78,248,612
1661,28560,34872,105576,24.83,385,743
1662,28577,21944,118504,15.62,246,641
1663,28593,22936,117512,16.33,258,651
1664,28610,25120,115328,17.89,284,748
1665,28627,22056,118392,15.70,247,608
1666,28644,22048,118400,15.70,247,609
1667,28660,22056,118392,15.70,247,611
1668,28677,22080,118368,15.72,247,612
1669,28694,22064,118384,15.71,247,608
1670,28711,34720,105728,24.72,384,741
1671,28727,21824,118624,15.54,245,637
1672,28744,22776,117672,16.22,257,649
1673,28761,22056,118392,15.70,247,608
1674,28778,22048,118400,15.70,247,609
1675,28794,22056,118392,15.70,247,608
1676,28812,26376,114072,18.78,304,692
1677,28828,22208,118240,15.81,248,611
1678,28845,22176,118272,15.79,248,612
1679,28861,40872,99576,29.10,425,679
1680,28878,40896,99552,29.12,425,680
1681,28895,40880,99568,29.11,425,679
1682,28912,40904,99544,29.12,425,680
1683,28928,40888,99560,29.11,425,679
1684,28945,40912,99536,29.13,425,680
1685,28962,40896,99552,29.12,425,679
1686,28977,40920,99528,29.14,425,680
1687,28996,40904,99544,29.12,425,679
1688,29012,45736,94712,32.56,492,760
1689,29029,22032,118416,15.69,247,606
1690,29046,22048,118400,15.70,247,607
1691,29062,22024,118424,15.68,247,606
1692,29076,22040,118408,15.69,247,607
1693,29096,25720,114728,18.31,294,681
1694,29112,22320,118128,15.89,246,607
1695,29129,22312,118136,15.89,246,606
1696,29146,25560,114888,18.20,293,676
1697,29163,22296,118152,15.87,246,606
1698,29180,22328,118120,15.90,246,607
1699,29196,25592,114856,18.22,293,675
1700,29214,25352,115096,18.05,285,761
1701,29229,22432,118016,15.97,247,609
1702,29246,25712,114736,18.31,294,679
1703,29263,22424,118024,15.97,247,609
1704,29277,22432,118016,15.97,247,610
1705,29295,25672,114776,18.28,294,680
1706,29315,23624,116824,16.82,260,702
1707,29330,22408,118040,15.95,247,609
1708,29347,25688,114760,18.29,294,679
1709,29362,22400,118048,15.95,247,609
1710,29381,22408,118040,15.95,247,610
1711,29397,25704,114744,18.30,294,678
1712,29414,26616,113832,18.95,303,690
1713,29431,22320,118128,15.89,246,606
1714,29447,25568,114880,18.20,293,676
1715,29464,22304,118144,15.88,246,606
1716,29481,22280,118168,15.86,246,607
1717,29498,25600,114848,18.23,293,675
1718,29514,22320,118128,15.89,246,607
1719,29530,22312,118136,15.89,246,606
1720,29548,25560,114888,18.20,293,676
1721,29565,22296,118152,15.87,246,606
1722,29581,22328,118120,15.90,246,607
1723,29598,25592,114856,18.22,293,675
1724,29616,24704,115744,17.59,274,743
1725,29632,22408,118040,15.95,247,609
1726,29648,39104,101344,27.84,442,761
1727,29665,28264,112184,20.12,324,672
1728,29682,25864,114584,18.42,288,686
1729,29698,31528,108920,22.45,337,716
1730,29715,22448,118000,15.98,250,643
1731,29732,22424,118024,15.97,250,642
1732,29749,22440,118008,15.98,250,643
1733,29765,22416,118032,15.96,250,642
1734,29782,22432,118016,15.97,250,643
1735,29799,22408,118040,15.95,250,642
1736,29815,27472,112976,19.56,321,724
1737,29832,22448,118000,15.98,250,642
1738,29849,22408,118040,15.95,250,643
1739,29866,22440,118008,15.98,250,642
1740,29883,22456,117992,15.99,250,643
1741,29899,22432,118016,15.97,250,642
1742,29916,22304,118144,15.88,250,636
1743,29933,22304,118144,15.88,250,635
1744,29949,22288,118160,15.87,250,636
1745,29966,22744,117704,16.19,257,645
1746,29983,22032,118416,15.69,247,607
1747,30000,22064,118384,15.71,247,606
1748,30018,24416,116032,17.38,275,743
1749,30034,22160,118288,15.78,248,609
1750,30050,22152,118296,15.77,248,610
1751,30067,22160,118288,15.78,248,609
1752,30083,22152,118296,15.77,248,610
1753,30100,22160,118288,15.78,248,611
1754,30117,22160,118288,15.78,248,610
1755,30134,22168,118280,15.78,248,609
1756,30150,22160,118288,15.78,248,610
1757,30167,22168,118280,15.78,248,609
1758,30184,22160,118288,15.78,248,610
1759,30201,22168,118280,15.78,248,609
1760,30217,25728,114720,18.32,293,672
1761,30234,22040,118408,15.69,247,606
1762,30251,22056,118392,15.70,247,607
1763,30268,22032,118416,15.69,247,606
1764,30284,22048,118400,15.70,247,607
1765,30301,22024,118424,15.68,247,606
1766,30318,22040,118408,15.69,247,607
1767,30335,22016,118432,15.68,247,606
1768,30350,22032,118416,15.69,247,607
1769,30369,34768,105680,24.76,383,740
1770,30385,21832,118616,15.54,245,636
1771,30402,21800,118648,15.52,245,635
1772,30419,24496,115952,17.44,275,801
1773,30436,21912,118536,15.60,246,638
1774,30452,21904,118544,15.60,246,639
1775,30469,22192,118256,15.80,248,667
1776,30486,21920,118528,15.61,246,639
1777,30502,21920,118528,15.61,246,640
1778,30519,22232,118216,15.83,248,668
1779,30536,21912,118536,15.60,246,638
1780,30552,34632,105816,24.66,384,732
1781,30569,25112,115336,17.88,291,699
1782,30586,22800,117648,16.23,258,647
1783,30603,22080,118368,15.72,248,606
1784,30619,25640,114808,18.26,293,669
1785,30636,22008,118440,15.67,247,603
1786,30653,21968,118480,15.64,247,604
1787,30669,22000,118448,15.66,247,603
1788,30686,21960,118488,15.64,247,604
1789,30703,21992,118456,15.66,247,603
1790,30720,22008,118440,15.67,247,604
1791,30737,21984,118464,15.65,247,603
1792,30753,22000,118448,15.66,247,604
1793,30770,21976,118472,15.65,247,603
1794,30787,21992,118456,15.66,247,604
1795,30803,21968,118480,15.64,247,603
1796,30821,24376,116072,17.36,275,740
1797,30837,22120,118328,15.75,248,606
1798,30854,22112,118336,15.74,248,607
1799,30870,22120,118328,15.75,248,606
1800,30887,22112,118336,15.74,248,607
1801,30904,22120,118328,15.75,248,608
1802,30921,22120,118328,15.75,248,607
1803,30937,34736,105712,24.73,385,738
1804,30953,21888,118560,15.58,246,636
1805,30971,22848,117600,16.27,258,646
1806,30987,22112,118336,15.74,248,607
1807,31005,22120,118328,15.75,248,606
1808,31022,25472,114976,18.14,289,673
1809,31038,20616,119832,14.68,230,570
1810,31054,20600,119848,14.67,230,570
1811,31071,20584,119864,14.66,230,570
1812,31088,33960,106488,24.18,376,700
1813,31105,21096,119352,15.02,237,597
1814,31121,21304,119144,15.17,240,610
1815,31138,20616,119832,14.68,230,570
1816,31155,20600,119848,14.67,230,570
1817,31172,20584,119864,14.66,230,570
1818,31189,20568,119880,14.64,230,570
1819,31205,20608,119840,14.67,230,570
1820,31223,22872,117576,16.29,257,679
1821,31239,33984,106464,24.20,376,700
1822,31255,21064,119384,15.00,237,597
1823,31272,21328,119120,15.19,240,610
1824,31289,20584,119864,14.66,230,570
1825,31306,20568,119880,14.64,230,570
1826,31322,20608,119840,14.67,230,570
1827,31339,20592,119856,14.66,230,570
1828,31356,20576,119872,14.65,230,570
1829,31372,20616,119832,14.68,230,570
1830,31389,33992,106456,24.20,376,700
1831,31406,21072,119376,15.00,237,597
1832,31423,30464,109984,21.69,370,780
1833,31440,21216,119232,15.11,238,602
1834,31456,24496,115952,17.44,283,667
1835,31473,21200,119248,15.09,238,602
1836,31490,21216,119232,15.11,238,603
1837,31507,21184,119264,15.08,238,602
1838,31523,21200,119248,15.09,238,603
1839,31540,41352,99096,29.44,435,675
1840,31557,41320,99128,29.42,435,676
1841,31574,41352,99096,29.44,435,675
1842,31590,41320,99128,29.42,435,676
1843,31607,41352,99096,29.44,435,675
1844,31625,27144,113304,19.33,315,697
1845,31641,22296,118152,15.87,248,616
1846,31657,22320,118128,15.89,248,617
1847,31674,22304,118144,15.88,248,616
1848,31691,22272,118176,15.86,248,617
1849,31708,22312,118136,15.89,248,616
1850,31724,22280,118168,15.86,248,617
1851,31741,22320,118128,15.89,248,616
1852,31758,22288,118160,15.87,248,617
1853,31775,22272,118176,15.86,248,616
1854,31791,22296,118152,15.87,248,617
1855,31808,22280,118168,15.86,248,616
1856,31825,24480,115968,17.43,273,744
1857,31841,21952,118496,15.63,243,615
1858,31858,21960,118488,15.64,243,616
1859,31875,21928,118520,15.61,243,615
1860,31892,21936,118512,15.62,243,616
1861,31908,21960,118488,15.64,243,617
1862,31925,21920,118528,15.61,243,616
1863,31942,21944,118504,15.62,243,615
1864,31959,21952,118496,15.63,243,616
1865,31975,21920,118528,15.61,243,615
1866,31992,21928,118520,15.61,243,616
1867,32009,21952,118496,15.63,243,615
1868,32027,27184,113264,19.36,315,697
1869,32043,22280,118168,15.86,248,616
1870,32059,22304,118144,15.88,248,617
1871,32076,22288,118160,15.87,248,616
1872,32093,22312,118136,15.89,248,617
1873,32109,22296,118152,15.87,248,616
1874,32126,22320,118128,15.89,248,617
1875,32143,22304,118144,15.88,248,616
1876,32160,22272,118176,15.86,248,617
1877,32176,22312,118136,15.89,248,616
1878,32193,22136,118312,15.76,248,610
1879,32210,22144,118304,15.77,248,609
1880,32227,26248,114200,18.69,302,694
1881,32243,21800,118648,15.52,243,608
1882,32260,21776,118672,15.50,243,609
1883,32277,21768,118680,15.50,243,608
1884,32294,21800,118648,15.52,243,609
1885,32310,21792,118656,15.52,243,608
1886,32327,21768,118680,15.50,243,609
1887,32344,25520,114928,18.17,290,683
1888,32361,22080,118368,15.72,242,609
1889,32378,22032,118416,15.69,242,608
1890,32394,25352,115096,18.05,289,678
1891,32411,22048,118400,15.70,242,608
1892,32429,26640,113808,18.97,305,764
1893,32444,25696,114752,18.30,294,678
1894,32461,22392,118056,15.94,247,610
1895,32478,22416,118032,15.96,247,609
1896,32494,25696,114752,18.30,294,679
1897,32511,22408,118040,15.95,247,612
1898,32529,24248,116200,17.26,269,730
1899,32545,25688,114760,18.29,294,678
1900,32562,22440,118008,15.98,247,610
1901,32578,22408,118040,15.95,247,609
1902,32593,25688,114760,18.29,294,679
1903,32612,22400,118048,15.95,247,609
1904,32628,27920,112528,19.88,325,690
1905,32645,25592,114856,18.22,293,675
1906,32662,22312,118136,15.89,246,607
1907,32679,22304,118144,15.88,246,606
1908,32695,25552,114896,18.19,293,676
1909,32712,22288,118160,15.87,246,606
1910,32729,22320,118128,15.89,246,607
1911,32745,25584,114864,18.22,293,675
1912,32763,22304,118144,15.88,246,607
1913,32779,22296,118152,15.87,246,606
1914,32796,25600,114848,18.23,293,676
1915,32813,22280,118168,15.86,246,606
1916,32830,25992,114456,18.51,292,672
1917,32846,25704,114744,18.30,294,678
1918,32863,22400,118048,15.95,247,610
1919,32880,22424,118024,15.97,247,609
1920,32896,25704,114744,18.30,294,679
1921,32913,22416,118032,15.96,247,609
1922,32930,22424,118024,15.97,247,610
1923,32946,25664,114784,18.27,294,678
1924,32963,22416,118032,15.96,247,610
1925,32980,22440,118008,15.98,247,609
1926,32997,37640,102808,26.80,422,761
1927,33013,32616,107832,23.22,387,794
1928,33030,31216,109232,22.23,365,772
1929,33045,22832,117616,16.26,259,656
1930,33064,22024,118424,15.68,247,625
1931,33080,22040,118408,15.69,247,624
1932,33097,22048,118400,15.70,247,625
1933,33114,22352,118096,15.91,249,652
1934,33130,22072,118376,15.72,247,625
1935,33147,22032,118416,15.69,247,624
1936,33164,22040,118408,15.69,247,625
1937,33181,22056,118392,15.70,247,624
1938,33197,22064,118384,15.71,247,625
1939,33214,24080,116368,17.15,281,685
1940,33231,24488,115960,17.44,278,761
1941,33248,22072,118376,15.72,247,624
1942,33264,22024,118424,15.68,247,625
1943,33281,22040,118408,15.69,247,624
1944,33296,22048,118400,15.70,247,625
1945,33315,22920,117528,16.32,257,666
1946,33331,21752,118696,15.49,245,616
1947,33348,21744,118704,15.48,245,615
1948,33363,21784,118664,15.51,245,616
1949,33382,22584,117864,16.08,257,647
1950,33398,21752,118696,15.49,245,616
1951,33415,22032,118416,15.69,247,643
1952,33432,23960,116488,17.06,270,743
1953,33449,21384,119064,15.23,240,612
1954,33465,21408,119040,15.24,240,613
1955,33482,21384,119064,15.23,240,614
1956,33499,21384,119064,15.23,240,615
1957,33516,21680,118768,15.44,242,640
1958,33532,21416,119032,15.25,240,613
1959,33549,23160,117288,16.49,272,645
1960,33566,21408,119040,15.24,240,613
1961,33583,21384,119064,15.23,240,612
1962,33599,21408,119040,15.24,240,613
1963,33616,21672,118776,15.43,242,640
1964,33634,27184,113264,19.36,320,694
1965,33650,21752,118696,15.49,245,615
1966,33666,21792,118656,15.52,245,616
1967,33683,21784,118664,15.51,245,615
1968,33700,21768,118680,15.50,245,616
1969,33717,22856,117592,16.27,259,675
1970,33733,21792,118656,15.52,245,616
1971,33750,21784,118664,15.51,245,615
1972,33767,21768,118680,15.50,245,616
1973,33784,21760,118688,15.49,245,615
1974,33800,21744,118704,15.48,245,616
1975,33817,22080,118368,15.72,247,643
1976,33834,26544,113904,18.90,309,694
1977,33851,21680,118768,15.44,244,612
1978,33867,21632,118816,15.40,244,613
1979,33884,23416,117032,16.67,276,645
1980,33901,12816,127632,9.13,163,481
1981,33918,13096,127352,9.32,165,508
1982,33934,12848,127600,9.15,163,481
1983,33951,12840,127608,9.14,163,480
1984,33968,12824,127624,9.13,163,481
1985,33985,12816,127632,9.13,163,480
1986,34001,12800,127648,9.11,163,481
1987,34018,13136,127312,9.35,165,508
1988,34035,17088,123360,12.17,219,636
1989,34052,13928,126520,9.92,179,525
1990,34068,12912,127536,9.19,164,484
1991,34085,12936,127512,9.21,164,483
1992,34102,12952,127496,9.22,164,484
1993,34119,14056,126392,10.01,177,506
1994,34135,13816,126632,9.84,175,565
1995,34152,13176,127272,9.38,166,454
1996,34169,13192,127256,9.39,166,455
1997,34185,13168,127280,9.38,166,454
1998,34202,13184,127264,9.39,166,455
1999,34219,13160,127288,9.37,166,454
2000,34237,18040,122408,12.84,233,535
2001,34253,13184,127264,9.39,166,454
2002,34269,31488,108960,22.42,429,505
2003,34286,13968,126480,9.95,178,471
2004,34303,13960,126488,9.94,178,472
2005,34320,14560,125888,10.37,189,505
2006,34336,13976,126472,9.95,178,472
2007,34353,13984,126464,9.96,178,471
2008,34370,13976,126472,9.95,178,472
2009,34387,14680,125768,10.45,187,529
2010,34403,14096,126352,10.04,180,498
2011,34420,14096,126352,10.04,180,497
2012,34437,17728,122720,12.62,227,565
2013,34453,13840,126608,9.85,176,497
2014,34470,13840,126608,9.85,176,498
2015,34487,13856,126592,9.87,176,497
2016,34504,13856,126592,9.87,176,498
2017,34520,14336,126112,10.21,180,528
2018,34537,15544,124904,11.07,198,557
2019,34554,15488,124960,11.03,197,554
2020,34572,33208,107240,23.64,358,765
2021,34587,21520,118928,15.32,244,635
2022,34604,21528,118920,15.33,244,636
2023,34621,21552,118896,15.35,244,635
2024,34638,29072,111376,20.70,355,766
2025,34654,21784,118664,15.51,248,635
2026,34671,21776,118672,15.50,248,636
2027,34688,21784,118664,15.51,248,635
2028,34705,21776,118672,15.50,248,636
2029,34721,21784,118664,15.51,248,635
2030,34738,21776,118672,15.50,248,636
2031,34755,21784,118664,15.51,248,635
2032,34771,21776,118672,15.50,248,636
2033,34788,21784,118664,15.51,248,635
2034,34805,21776,118672,15.50,248,636
2035,34822,21784,118664,15.51,248,635
2036,34838,24904,115544,17.73,288,773
2037,34855,21808,118640,15.53,248,635
2038,34872,21800,118648,15.52,248,636
2039,34888,21808,118640,15.53,248,635
2040,34905,21800,118648,15.52,248,636
2041,34922,22376,118072,15.93,256,651
2042,34939,21680,118768,15.44,246,610
2043,34955,21640,118808,15.41,246,609
2044,34972,21640,118808,15.41,246,610
2045,34989,21656,118792,15.42,246,609
2046,35006,21656,118792,15.42,246,610
2047,35022,21672,118776,15.43,246,609
2048,35039,25784,114664,18.36,300,694
2049,35056,21288,119160,15.16,241,608
2050,35073,21272,119176,15.15,241,609
2051,35090,21272,119176,15.15,241,608
2052,35106,21312,119136,15.17,241,609
2053,35123,21312,119136,15.17,241,608
2054,35140,21296,119152,15.16,241,609
2055,35156,21296,119152,15.16,241,608
2056,35173,21280,119168,15.15,241,609
2057,35190,21280,119168,15.15,241,608
2058,35207,21320,119128,15.18,241,609
2059,35223,21320,119128,15.18,241,608
2060,35241,25232,115216,17.97,291,672
2061,35257,21664,118784,15.42,246,609
2062,35274,21664,118784,15.42,246,610
2063,35290,21680,118768,15.44,246,609
2064,35307,21680,118768,15.44,246,610
2065,35324,21640,118808,15.41,246,609
2066,35341,21640,118808,15.41,246,610
2067,35357,21656,118792,15.42,246,609
2068,35374,21656,118792,15.42,246,610
2069,35391,21672,118776,15.43,246,609
2070,35408,21672,118776,15.43,246,610
2071,35424,21632,118816,15.40,246,609
2072,35441,29008,111440,20.65,345,758
2073,35458,21304,119144,15.17,241,608
2074,35475,21288,119160,15.16,241,609
2075,35491,21288,119160,15.16,241,608
2076,35508,21272,119176,15.15,241,609
2077,35525,21272,119176,15.15,241,608
2078,35542,21312,119136,15.17,241,609
2079,35558,21312,119136,15.17,241,608
2080,35575,25016,115432,17.81,268,440
2081,35589,5648,134800,4.02,85,237
2082,35609,5624,134824,4.00,85,237
2083,35625,5656,134792,4.03,85,237
2084,35642,5632,134816,4.01,85,237
2085,35658,5664,134784,4.03,85,237
2086,35675,5640,134808,4.02,85,237
2087,35692,5616,134832,4.00,85,237
2088,35709,5904,134544,4.20,89,246
2089,35726,5624,134824,4.00,85,237
2090,35742,5656,134792,4.03,85,237
2091,35759,5632,134816,4.01,85,237
2092,35776,5664,134784,4.03,85,237
2093,35793,5640,134808,4.02,85,237
2094,35809,5616,134832,4.00,85,237
2095,35826,5648,134800,4.02,85,237
2096,35843,5888,134560,4.19,89,247
2097,35859,5664,134784,4.03,85,237
2098,35876,5640,134808,4.02,85,237
2099,35893,5616,134832,4.00,85,237
2100,35910,5648,134800,4.02,85,237
2101,35926,5624,134824,4.00,85,237
2102,35943,5656,134792,4.03,85,237
2103,35960,5632,134816,4.01,85,237
2104,35977,5984,134464,4.26,89,250
2105,35994,5648,134800,4.02,85,237
2106,36010,5624,134824,4.00,85,237
2107,36027,5656,134792,4.03,85,237
2108,36044,5632,134816,4.01,85,237
2109,36061,5664,134784,4.03,85,237
2110,36077,5640,134808,4.02,85,237
2111,36094,5616,134832,4.00,85,237
2112,36111,5688,134760,4.05,86,239
2113,36127,5704,134744,4.06,86,239
2114,36144,5664,134784,4.03,86,239
2115,36161,5680,134768,4.04,86,239
2116,36178,5696,134752,4.06,86,239
2117,36194,5656,134792,4.03,86,239
2118,36211,5672,134776,4.04,86,239
2119,36228,5688,134760,4.05,86,239
2120,36245,5704,134744,4.06,86,239
2121,36262,5664,134784,4.03,86,239
2122,36278,5680,134768,4.04,86,239
2123,36295,5696,134752,4.06,86,239
2124,36312,5656,134792,4.03,86,239
2125,36328,5672,134776,4.04,86,239
2126,36345,5688,134760,4.05,86,239
2127,36362,5704,134744,4.06,86,239
2128,36379,5664,134784,4.03,86,239
2129,36395,5680,134768,4.04,86,239
2130,36412,5696,134752,4.06,86,239
2131,36429,5656,134792,4.03,86,239
2132,36446,5672,134776,4.04,86,239
2133,36462,5688,134760,4.05,86,239
2134,36479,5704,134744,4.06,86,239
2135,36496,5664,134784,4.03,86,239
2136,36513,5680,134768,4.04,86,239
2137,36529,5696,134752,4.06,86,239
2138,36546,5656,134792,4.03,86,239
2139,36563,5672,134776,4.04,86,239
2140,36580,5688,134760,4.05,86,239
2141,36596,5704,134744,4.06,86,239
2142,36613,5664,134784,4.03,86,239
2143,36630,5680,134768,4.04,86,239
2144,36647,5696,134752,4.06,86,239
2145,36663,5656,134792,4.03,86,239
2146,36680,5672,134776,4.04,86,239
2147,36697,5688,134760,4.05,86,239
2148,36713,5704,134744,4.06,86,239
2149,36730,5664,134784,4.03,86,239
2150,36747,5680,134768,4.04,86,239
2151,36764,5696,134752,4.06,86,239
2152,36780,5656,134792,4.03,86,239
2153,36795,5672,134776,4.04,86,239
2154,36814,5688,134760,4.05,86,239
2155,36831,5704,134744,4.06,86,239
2156,36848,5664,134784,4.03,86,239
2157,36864,5680,134768,4.04,86,239
2158,36881,5696,134752,4.06,86,239
2159,36898,5656,134792,4.03,86,239
2160,36914,5672,134776,4.04,86,239
2161,36931,5688,134760,4.05,86,239
2162,36948,5704,134744,4.06,86,239
2163,36965,5664,134784,4.03,86,239
2164,36981,5680,134768,4.04,86,239
2165,36998,5696,134752,4.06,86,239
2166,37015,5656,134792,4.03,86,239
2167,37032,5672,134776,4.04,86,239
2168,37048,5688,134760,4.05,86,239
2169,37065,5704,134744,4.06,86,239
2170,37082,5664,134784,4.03,86,239
2171,37097,5680,134768,4.04,86,239
2172,37116,5696,134752,4.06,86,239
2173,37132,5656,134792,4.03,86,239
2174,37149,5672,134776,4.04,86,239
2175,37165,5688,134760,4.05,86,239
2176,37180,5704,134744,4.06,86,239
2177,37200,5664,134784,4.03,86,239
2178,37216,5680,134768,4.04,86,239
2179,37233,5696,134752,4.06,86,239
2180,37249,5656,134792,4.03,86,239
2181,37266,5672,134776,4.04,86,239
2182,37283,5688,134760,4.05,86,239
2183,37299,5704,134744,4.06,86,239
2184,37316,5664,134784,4.03,86,239
2185,37333,5680,134768,4.04,86,239
2186,37350,5696,134752,4.06,86,239
2187,37367,5656,134792,4.03,86,239
2188,37383,5672,134776,4.04,86,239
2189,37398,5688,134760,4.05,86,239
2190,37417,5704,134744,4.06,86,239
2191,37433,5664,134784,4.03,86,239
2192,37450,5680,134768,4.04,86,239
2193,37464,5696,134752,4.06,86,239
2194,37484,5656,134792,4.03,86,239
2195,37499,5672,134776,4.04,86,239
2196,37517,5688,134760,4.05,86,239
2197,37534,5704,134744,4.06,86,239
2198,37551,5664,134784,4.03,86,239
2199,37567,5680,134768,4.04,86,239
2200,37582,5696,134752,4.06,86,239
2201,37601,5656,134792,4.03,86,239
2202,37617,5672,134776,4.04,86,239
2203,37634,5688,134760,4.05,86,239
2204,37651,5704,134744,4.06,86,239
2205,37668,5664,134784,4.03,86,239
2206,37685,5680,134768,4.04,86,239
2207,37701,5696,134752,4.06,86,239
2208,37717,5656,134792,4.03,86,239
2209,37735,5672,134776,4.04,86,239
2210,37751,5688,134760,4.05,86,239
2211,37768,5704,134744,4.06,86,239
2212,37785,5664,134784,4.03,86,239
2213,37802,5680,134768,4.04,86,239
2214,37819,5696,134752,4.06,86,239
2215,37835,5656,134792,4.03,86,239
2216,37852,5672,134776,4.04,86,239
2217,37869,5688,134760,4.05,86,239
2218,37885,5704,134744,4.06,86,239
2219,37902,5664,134784,4.03,86,239
2220,37919,5680,134768,4.04,86,239
2221,37936,5696,134752,4.06,86,239
2222,37953,5656,134792,4.03,86,239
2223,37969,5672,134776,4.04,86,239
2224,37986,5688,134760,4.05,86,239
2225,38001,5704,134744,4.06,86,239
2226,38019,5664,134784,4.03,86,239
2227,38036,5680,134768,4.04,86,239
2228,38053,5696,134752,4.06,86,239
2229,38069,5656,134792,4.03,86,239
2230,38085,5672,134776,4.04,86,239
2231,38103,5688,134760,4.05,86,239
2232,38120,5704,134744,4.06,86,239
2233,38136,5664,134784,4.03,86,239
2234,38153,5680,134768,4.04,86,239
2235,38170,5696,134752,4.06,86,239
2236,38187,5656,134792,4.03,86,239
2237,38203,5672,134776,4.04,86,239
2238,38220,5688,134760,4.05,86,239
2239,38237,5704,134744,4.06,86,239
2240,38252,5664,134784,4.03,86,239
2241,38271,5680,134768,4.04,86,239
2242,38287,5696,134752,4.06,86,239
2243,38304,5656,134792,4.03,86,239
2244,38321,5672,134776,4.04,86,239
2245,38337,5688,134760,4.05,86,239
2246,38354,5704,134744,4.06,86,239
2247,38371,5664,134784,4.03,86,239
2248,38388,5680,134768,4.04,86,239
2249,38405,5696,134752,4.06,86,239
2250,38419,5656,134792,4.03,86,239
2251,38439,5672,134776,4.04,86,239
2252,38455,5688,134760,4.05,86,239
2253,38472,5704,134744,4.06,86,239
2254,38488,5664,134784,4.03,86,239
2255,38505,5680,134768,4.04,86,239
2256,38522,5696,134752,4.06,86,239
2257,38538,5656,134792,4.03,86,239
2258,38555,5672,134776,4.04,86,239
2259,38572,5688,134760,4.05,86,239
2260,38589,5704,134744,4.06,86,239
2261,38606,5664,134784,4.03,86,239
2262,38622,5680,134768,4.04,86,239
2263,38639,5696,134752,4.06,86,239
2264,38656,5656,134792,4.03,86,239
2265,38672,5672,134776,4.04,86,239
2266,38689,5688,134760,4.05,86,239
2267,38706,5704,134744,4.06,86,239
2268,38723,5664,134784,4.03,86,239
2269,38737,5680,134768,4.04,86,239
2270,38757,5696,134752,4.06,86,239
2271,38773,5656,134792,4.03,86,239
2272,38790,5672,134776,4.04,86,239
2273,38806,5688,134760,4.05,86,239
2274,38823,5704,134744,4.06,86,239
2275,38840,5664,134784,4.03,86,239
2276,38857,5680,134768,4.04,86,239
2277,38873,5696,134752,4.06,86,239
2278,38890,5656,134792,4.03,86,239
2279,38907,5672,134776,4.04,86,239
2280,38923,5688,134760,4.05,86,239
2281,38940,5704,134744,4.06,86,239
2282,38957,5664,134784,4.03,86,239
2283,38974,5680,134768,4.04,86,239
2284,38991,5696,134752,4.06,86,239
2285,39007,5656,134792,4.03,86,239
2286,39024,5672,134776,4.04,86,239
2287,39041,5688,134760,4.05,86,239
2288,39057,5704,134744,4.06,86,239
2289,39074,5664,134784,4.03,86,239
2290,39091,5680,134768,4.04,86,239
2291,39108,5696,134752,4.06,86,239
2292,39124,5656,134792,4.03,86,239
2293,39141,5672,134776,4.04,86,239
2294,39158,5688,134760,4.05,86,239
2295,39175,5704,134744,4.06,86,239
2296,39191,5664,134784,4.03,86,239
2297,39208,5680,134768,4.04,86,239
2298,39225,5696,134752,4.06,86,239
2299,39242,5656,134792,4.03,86,239
2300,39258,5672,134776,4.04,86,239
2301,39275,5688,134760,4.05,86,239
2302,39292,5704,134744,4.06,86,239
2303,39309,5664,134784,4.03,86,239
2304,39326,5680,134768,4.04,86,239
2305,39342,5696,134752,4.06,86,239
2306,39358,5656,134792,4.03,86,239
2307,39376,5672,134776,4.04,86,239
2308,39392,5688,134760,4.05,86,239
2309,39409,5704,134744,4.06,86,239
2310,39426,5664,134784,4.03,86,239
2311,39443,5680,134768,4.04,86,239
2312,39459,5696,134752,4.06,86,239
2313,39476,5656,134792,4.03,86,239
2314,39493,5672,134776,4.04,86,239
2315,39509,5688,134760,4.05,86,239
2316,39526,5704,134744,4.06,86,239
2317,39543,5664,134784,4.03,86,239
2318,39560,5680,134768,4.04,86,239
2319,39577,5696,134752,4.06,86,239
2320,39593,5656,134792,4.03,86,239
2321,39610,5672,134776,4.04,86,239
2322,39627,5688,134760,4.05,86,239
2323,39644,5704,134744,4.06,86,239
2324,39660,5664,134784,4.03,86,239
2325,39677,5680,134768,4.04,86,239
2326,39693,5696,134752,4.06,86,239
2327,39711,5656,134792,4.03,86,239
2328,39727,5672,134776,4.04,86,239
2329,39744,5688,134760,4.05,86,239
2330,39760,5704,134744,4.06,86,239
2331,39777,5664,134784,4.03,86,239
2332,39794,5680,134768,4.04,86,239
2333,39811,5696,134752,4.06,86,239
2334,39827,5656,134792,4.03,86,239
2335,39842,5672,134776,4.04,86,239
2336,39861,5688,134760,4.05,86,239
2337,39877,5704,134744,4.06,86,239
2338,39894,5664,134784,4.03,86,239
2339,39911,5680,134768,4.04,86,239
2340,39928,5696,134752,4.06,86,239
2341,39945,5656,134792,4.03,86,239
2342,39962,5672,134776,4.04,86,239
2343,39977,5688,134760,4.05,86,239
2344,39995,5704,134744,4.06,86,239
2345,40010,5664,134784,4.03,86,239
2346,40029,5680,134768,4.04,86,239
2347,40045,5696,134752,4.06,86,239
2348,40062,5656,134792,4.03,86,239
2349,40079,5672,134776,4.04,86,239
2350,40096,5688,134760,4.05,86,239
2351,40112,5704,134744,4.06,86,239
2352,40129,5664,134784,4.03,86,239
2353,40145,5680,134768,4.04,86,239
2354,40161,5696,134752,4.06,86,239
2355,40178,5656,134792,4.03,86,239
2356,40196,5672,134776,4.04,86,239
2357,40212,5688,134760,4.05,86,239
2358,40230,5704,134744,4.06,86,239
2359,40246,5664,134784,4.03,86,239
2360,40261,5680,134768,4.04,86,239
2361,40280,5696,134752,4.06,86,239
2362,40296,5656,134792,4.03,86,239
2363,40313,5672,134776,4.04,86,239
2364,40330,5688,134760,4.05,86,239
2365,40347,5704,134744,4.06,86,239
2366,40363,5664,134784,4.03,86,239
2367,40380,5680,134768,4.04,86,239
2368,40397,5696,134752,4.06,86,239
2369,40413,5656,134792,4.03,86,239
2370,40430,5672,134776,4.04,86,239
2371,40447,5688,134760,4.05,86,239
2372,40463,5704,134744,4.06,86,239
2373,40480,5664,134784,4.03,86,239
2374,40495,5680,134768,4.04,86,239
2375,40514,5696,134752,4.06,86,239
2376,40531,5656,134792,4.03,86,239
2377,40548,5672,134776,4.04,86,239
2378,40564,5688,134760,4.05,86,239
2379,40581,5704,134744,4.06,86,239
2380,40598,5664,134784,4.03,86,239
2381,40615,5680,134768,4.04,86,239
2382,40631,5696,134752,4.06,86,239
2383,40648,5656,134792,4.03,86,239
2384,40662,5672,134776,4.04,86,239
2385,40682,5688,134760,4.05,86,239
2386,40698,5704,134744,4.06,86,239
2387,40715,5664,134784,4.03,86,239
2388,40732,5680,134768,4.04,86,239
2389,40748,5696,134752,4.06,86,239
2390,40765,5656,134792,4.03,86,239
2391,40782,5672,134776,4.04,86,239
2392,40799,5688,134760,4.05,86,239
2393,40816,5704,134744,4.06,86,239
2394,40832,5664,134784,4.03,86,239
2395,40849,5680,134768,4.04,86,239
2396,40866,5696,134752,4.06,86,239
2397,40881,5656,134792,4.03,86,239
2398,40898,5672,134776,4.04,86,239
2399,40916,5688,134760,4.05,86,239
2400,40933,5704,134744,4.06,86,239
2401,40950,5664,134784,4.03,86,239
2402,40966,5680,134768,4.04,86,239
2403,40983,5696,134752,4.06,86,239
2404,41000,5656,134792,4.03,86,239
2405,41016,5672,134776,4.04,86,239
2406,41033,5688,134760,4.05,86,239
2407,41050,5704,134744,4.06,86,239
2408,41067,5664,134784,4.03,86,239
2409,41084,5680,134768,4.04,86,239
2410,41100,5696,134752,4.06,86,239
2411,41117,5656,134792,4.03,86,239
2412,41134,5672,134776,4.04,86,239
2413,41151,5688,134760,4.05,86,239
2414,41167,5704,134744,4.06,86,239
2415,41184,5664,134784,4.03,86,239
2416,41201,5680,134768,4.04,86,239
2417,41217,5696,134752,4.06,86,239
2418,41233,5656,134792,4.03,86,239
2419,41251,5672,134776,4.04,86,239
2420,41268,5688,134760,4.05,86,239
2421,41284,5704,134744,4.06,86,239
2422,41301,5664,134784,4.03,86,239
2423,41318,5680,134768,4.04,86,239
2424,41334,5696,134752,4.06,86,239
2425,41351,5656,134792,4.03,86,239
2426,41367,5672,134776,4.04,86,239
2427,41384,5688,134760,4.05,86,239
2428,41401,5704,134744,4.06,86,239
